-- MySQL dump 10.13  Distrib 5.5.40, for debian-linux-gnu (x86_64)
--
-- Host: 172.17.0.66    Database: openchange
-- ------------------------------------------------------
-- Server version	5.6.21

/*!40101 SET @OLD_CHARACTER_SET_CLIENT=@@CHARACTER_SET_CLIENT */;
/*!40101 SET @OLD_CHARACTER_SET_RESULTS=@@CHARACTER_SET_RESULTS */;
/*!40101 SET @OLD_COLLATION_CONNECTION=@@COLLATION_CONNECTION */;
/*!40101 SET NAMES utf8 */;
/*!40103 SET @OLD_TIME_ZONE=@@TIME_ZONE */;
/*!40103 SET TIME_ZONE='+00:00' */;
/*!40014 SET @OLD_UNIQUE_CHECKS=@@UNIQUE_CHECKS, UNIQUE_CHECKS=0 */;
/*!40014 SET @OLD_FOREIGN_KEY_CHECKS=@@FOREIGN_KEY_CHECKS, FOREIGN_KEY_CHECKS=0 */;
/*!40101 SET @OLD_SQL_MODE=@@SQL_MODE, SQL_MODE='NO_AUTO_VALUE_ON_ZERO' */;
/*!40111 SET @OLD_SQL_NOTES=@@SQL_NOTES, SQL_NOTES=0 */;

--
-- Current Database: `openchange`
--

CREATE DATABASE /*!32312 IF NOT EXISTS*/ `openchange` /*!40100 DEFAULT CHARACTER SET latin1 */;

USE `openchange`;

--
-- Table structure for table `folders`
--

DROP TABLE IF EXISTS `folders`;
/*!40101 SET @saved_cs_client     = @@character_set_client */;
/*!40101 SET character_set_client = utf8 */;
CREATE TABLE `folders` (
  `id` bigint(20) unsigned NOT NULL AUTO_INCREMENT,
  `ou_id` int(11) NOT NULL,
  `folder_id` bigint(20) unsigned NOT NULL,
  `folder_class` varchar(6) NOT NULL DEFAULT 'system',
  `mailbox_id` bigint(20) unsigned DEFAULT NULL,
  `parent_folder_id` bigint(20) unsigned DEFAULT NULL,
  `FolderType` int(11) DEFAULT NULL,
  `SystemIdx` int(11) DEFAULT NULL,
  `MAPIStoreURI` varchar(1024) DEFAULT NULL,
  PRIMARY KEY (`id`),
  KEY `fk_folders_ou_id_idx` (`ou_id`),
  KEY `fk_folders_mailbox_id_idx` (`mailbox_id`),
  KEY `fk_folders_parent_folder_id_idx` (`parent_folder_id`),
  CONSTRAINT `fk_folders_mailbox_id` FOREIGN KEY (`mailbox_id`) REFERENCES `mailboxes` (`id`) ON DELETE CASCADE ON UPDATE CASCADE,
  CONSTRAINT `fk_folders_ou_id` FOREIGN KEY (`ou_id`) REFERENCES `organizational_units` (`id`) ON DELETE CASCADE ON UPDATE CASCADE,
  CONSTRAINT `fk_folders_parent_folder_id` FOREIGN KEY (`parent_folder_id`) REFERENCES `folders` (`id`) ON DELETE CASCADE ON UPDATE CASCADE
) ENGINE=InnoDB AUTO_INCREMENT=37 DEFAULT CHARSET=latin1;
/*!40101 SET character_set_client = @saved_cs_client */;

--
-- Dumping data for table `folders`
--

LOCK TABLES `folders` WRITE;
/*!40000 ALTER TABLE `folders` DISABLE KEYS */;
INSERT INTO `folders` VALUES (1,1,72057594037927937,'public',NULL,NULL,1,1,NULL),(2,1,144115188075855873,'public',NULL,1,1,2,NULL),(3,1,216172782113783809,'public',NULL,1,1,3,NULL),(4,1,288230376151711745,'public',NULL,3,1,4,NULL),(5,1,360287970189639681,'public',NULL,3,1,6,NULL),(6,1,432345564227567617,'public',NULL,5,1,9,NULL),(7,1,504403158265495553,'public',NULL,3,1,5,NULL),(8,1,576460752303423489,'public',NULL,7,1,8,NULL),(9,1,648518346341351425,'public',NULL,3,1,-1,NULL),(17,1,17366724588070764545,'system',1,NULL,1,9,NULL),(18,1,17438782182108692481,'system',1,NULL,1,10,NULL),(19,1,17510839776146620417,'system',1,NULL,1,11,NULL),(20,1,17582897370184548353,'system',1,NULL,1,12,NULL);
/*!40000 ALTER TABLE `folders` ENABLE KEYS */;
UNLOCK TABLES;

--
-- Table structure for table `folders_properties`
--

DROP TABLE IF EXISTS `folders_properties`;
/*!40101 SET @saved_cs_client     = @@character_set_client */;
/*!40101 SET character_set_client = utf8 */;
CREATE TABLE `folders_properties` (
  `folder_id` bigint(20) unsigned NOT NULL,
  `name` varchar(256) NOT NULL,
  `value` varchar(512) DEFAULT NULL,
  KEY `fk_folders_properties_folder_id_idx` (`folder_id`),
  CONSTRAINT `fk_folders_properties_folder_id` FOREIGN KEY (`folder_id`) REFERENCES `folders` (`id`) ON DELETE CASCADE ON UPDATE CASCADE
) ENGINE=InnoDB DEFAULT CHARSET=latin1;
/*!40101 SET character_set_client = @saved_cs_client */;

--
-- Dumping data for table `folders_properties`
--

LOCK TABLES `folders_properties` WRITE;
/*!40000 ALTER TABLE `folders_properties` DISABLE KEYS */;
INSERT INTO `folders_properties` VALUES (1,'PidTagFolderChildCount','2'),(1,'PidTagChangeNumber','72057594037927937'),(1,'PidTagDisplayName','Public Folder Root'),(1,'PidTagCreationTime','130609769320000000'),(1,'PidTagLastModificationTime','130609769320000000'),(1,'PidTagSubFolders','TRUE'),(2,'PidTagFolderChildCount','0'),(2,'PidTagChangeNumber','144115188075855873'),(2,'PidTagDisplayName','IPM_SUBTREE'),(2,'PidTagCreationTime','130609769320000000'),(2,'PidTagLastModificationTime','130609769320000000'),(2,'PidTagSubFolders','FALSE'),(2,'PidTagAttributeHidden','0'),(2,'PidTagAttributeReadOnly','0'),(2,'PidTagAttributeSystem','0'),(2,'PidTagContainerClass','IPF.Note (check this)'),(3,'PidTagFolderChildCount','4'),(3,'PidTagChangeNumber','216172782113783809'),(3,'PidTagDisplayName','NON_IPM_SUBTREE'),(3,'PidTagCreationTime','130609769320000000'),(3,'PidTagLastModificationTime','130609769320000000'),(3,'PidTagSubFolders','TRUE'),(3,'PidTagAttributeHidden','0'),(3,'PidTagAttributeReadOnly','0'),(3,'PidTagAttributeSystem','0'),(3,'PidTagContainerClass','IPF.Note (check this)'),(4,'PidTagFolderChildCount','0'),(4,'PidTagChangeNumber','288230376151711745'),(4,'PidTagDisplayName','EFORMS REGISTRY'),(4,'PidTagCreationTime','130609769320000000'),(4,'PidTagLastModificationTime','130609769320000000'),(4,'PidTagSubFolders','FALSE'),(4,'PidTagAttributeHidden','0'),(4,'PidTagAttributeReadOnly','0'),(4,'PidTagAttributeSystem','0'),(4,'PidTagContainerClass','IPF.Note (check this)'),(5,'PidTagFolderChildCount','1'),(5,'PidTagChangeNumber','360287970189639681'),(5,'PidTagDisplayName','OFFLINE ADDRESS BOOK'),(5,'PidTagCreationTime','130609769320000000'),(5,'PidTagLastModificationTime','130609769320000000'),(5,'PidTagSubFolders','TRUE'),(5,'PidTagAttributeHidden','0'),(5,'PidTagAttributeReadOnly','0'),(5,'PidTagAttributeSystem','0'),(5,'PidTagContainerClass','IPF.Note (check this)'),(6,'PidTagFolderChildCount','0'),(6,'PidTagChangeNumber','432345564227567617'),(6,'PidTagDisplayName','/o=First Organization/cn=addrlists/cn=oabs/cn=Default Offline Address Book'),(6,'PidTagCreationTime','130609769320000000'),(6,'PidTagLastModificationTime','130609769320000000'),(6,'PidTagSubFolders','FALSE'),(6,'PidTagAttributeHidden','0'),(6,'PidTagAttributeReadOnly','0'),(6,'PidTagAttributeSystem','0'),(6,'PidTagContainerClass','IPF.Note (check this)'),(7,'PidTagFolderChildCount','1'),(7,'PidTagChangeNumber','504403158265495553'),(7,'PidTagDisplayName','SCHEDULE+ FREE BUSY'),(7,'PidTagCreationTime','130609769320000000'),(7,'PidTagLastModificationTime','130609769320000000'),(7,'PidTagSubFolders','TRUE'),(7,'PidTagAttributeHidden','0'),(7,'PidTagAttributeReadOnly','0'),(7,'PidTagAttributeSystem','0'),(7,'PidTagContainerClass','IPF.Note (check this)'),(8,'PidTagFolderChildCount','0'),(8,'PidTagChangeNumber','576460752303423489'),(8,'PidTagDisplayName','EX:/o=First Organization/ou=First Administrative Group'),(8,'PidTagCreationTime','130609769320000000'),(8,'PidTagLastModificationTime','130609769320000000'),(8,'PidTagSubFolders','FALSE'),(8,'PidTagAttributeHidden','0'),(8,'PidTagAttributeReadOnly','0'),(8,'PidTagAttributeSystem','0'),(8,'PidTagContainerClass','IPF.Note (check this)'),(9,'PidTagFolderChildCount','0'),(9,'PidTagChangeNumber','648518346341351425'),(9,'PidTagDisplayName','Events Root'),(9,'PidTagCreationTime','130609769320000000'),(9,'PidTagLastModificationTime','130609769320000000'),(9,'PidTagSubFolders','FALSE'),(9,'PidTagAttributeHidden','0'),(9,'PidTagAttributeReadOnly','0'),(9,'PidTagAttributeSystem','0'),(9,'PidTagContainerClass','IPF.Note (check this)'),(17,'PidTagContentUnreadCount','0'),(17,'PidTagContentCount','0'),(17,'PidTagAttributeHidden','0'),(17,'PidTagAttributeSystem','0'),(17,'PidTagAttributeReadOnly','0'),(17,'PidTagAccess','63'),(17,'PidTagRights','2043'),(17,'PidTagCreationTime','130609770590000000'),(17,'PidTagDisplayName','Reminders'),(17,'PidTagContainerClass','Outlook.Reminder'),(17,'PidTagFolderType','2'),(18,'PidTagContentUnreadCount','0'),(18,'PidTagContentCount','0'),(18,'PidTagAttributeHidden','0'),(18,'PidTagAttributeSystem','0'),(18,'PidTagAttributeReadOnly','0'),(18,'PidTagAccess','63'),(18,'PidTagRights','2043'),(18,'PidTagCreationTime','130609770590000000'),(18,'PidTagDisplayName','To-Do'),(18,'PidTagContainerClass','IPF.Task'),(18,'PidTagFolderType','2'),(18,'PidTagLastModificationTime','130609770590000000'),(18,'PidTagChangeNumber','2666130979403333633'),(19,'PidTagContentUnreadCount','0'),(19,'PidTagContentCount','0'),(19,'PidTagAttributeHidden','0'),(19,'PidTagAttributeSystem','0'),(19,'PidTagAttributeReadOnly','0'),(19,'PidTagAccess','63'),(19,'PidTagRights','2043'),(19,'PidTagCreationTime','130609770590000000'),(19,'PidTagDisplayName','Tracked Mail Processing'),(19,'PidTagContainerClass','IPF.Note'),(19,'PidTagFolderType','2'),(19,'PidTagLastModificationTime','130609770590000000'),(19,'PidTagChangeNumber','2882303761517117441'),(20,'PidTagContentUnreadCount','0'),(20,'PidTagContentCount','0'),(20,'PidTagAttributeHidden','0'),(20,'PidTagAttributeSystem','0'),(20,'PidTagAttributeReadOnly','0'),(20,'PidTagAccess','63'),(20,'PidTagRights','2043'),(20,'PidTagCreationTime','130609770590000000'),(20,'PidTagDisplayName','Top of Information Store'),(20,'PidTagSubfolders','TRUE'),(20,'PidTagExtendedFolderFlags','AQQAABAABgQDAAAA'),(20,'PidTagLastModificationTime','130609770640000000'),(20,'PidTagChangeNumber','9367487224930631681'),(17,'PidTagExtendedFolderFlags','AQQAAAAB'),(17,'PidTagLastModificationTime','130609770650000000'),(17,'PidTagChangeNumber','9943947977234055169');
/*!40000 ALTER TABLE `folders_properties` ENABLE KEYS */;
UNLOCK TABLES;

--
-- Table structure for table `mailboxes`
--

DROP TABLE IF EXISTS `mailboxes`;
/*!40101 SET @saved_cs_client     = @@character_set_client */;
/*!40101 SET character_set_client = utf8 */;
CREATE TABLE `mailboxes` (
  `id` bigint(20) unsigned NOT NULL AUTO_INCREMENT,
  `ou_id` int(11) NOT NULL,
  `folder_id` bigint(20) unsigned NOT NULL,
  `name` varchar(256) NOT NULL,
  `MailboxGUID` varchar(36) NOT NULL,
  `ReplicaGUID` varchar(36) NOT NULL,
  `ReplicaID` int(11) NOT NULL,
  `SystemIdx` int(11) NOT NULL,
  `indexing_url` varchar(1024) DEFAULT NULL,
  `locale` varchar(15) DEFAULT NULL,
  PRIMARY KEY (`id`),
  KEY `fk_mailboxes_ou_id_idx` (`ou_id`),
  CONSTRAINT `fk_mailboxes_ou_id` FOREIGN KEY (`ou_id`) REFERENCES `organizational_units` (`id`) ON DELETE CASCADE ON UPDATE CASCADE
) ENGINE=InnoDB AUTO_INCREMENT=2 DEFAULT CHARSET=latin1;
/*!40101 SET character_set_client = @saved_cs_client */;

--
-- Dumping data for table `mailboxes`
--

LOCK TABLES `mailboxes` WRITE;
/*!40000 ALTER TABLE `mailboxes` DISABLE KEYS */;
INSERT INTO `mailboxes` VALUES (1,1,16790263835767341057,'openchange','082152cf-ae39-44a1-b11f-a1e1af3bac08','e909c6a9-6142-4c5d-90d2-80e682807458',1,1,NULL,'en_US');
/*!40000 ALTER TABLE `mailboxes` ENABLE KEYS */;
UNLOCK TABLES;

--
-- Table structure for table `mailboxes_properties`
--

DROP TABLE IF EXISTS `mailboxes_properties`;
/*!40101 SET @saved_cs_client     = @@character_set_client */;
/*!40101 SET character_set_client = utf8 */;
CREATE TABLE `mailboxes_properties` (
  `mailbox_id` bigint(20) unsigned NOT NULL,
  `name` varchar(128) NOT NULL,
  `value` varchar(512) DEFAULT NULL,
  KEY `fk_mailboxes_properties_mailbox_id_idx` (`mailbox_id`),
  CONSTRAINT `fk_mailboxes_properties_mailbox_id` FOREIGN KEY (`mailbox_id`) REFERENCES `mailboxes` (`id`) ON DELETE CASCADE ON UPDATE CASCADE
) ENGINE=InnoDB DEFAULT CHARSET=latin1;
/*!40101 SET character_set_client = @saved_cs_client */;

--
-- Dumping data for table `mailboxes_properties`
--

LOCK TABLES `mailboxes_properties` WRITE;
/*!40000 ALTER TABLE `mailboxes_properties` DISABLE KEYS */;
INSERT INTO `mailboxes_properties` VALUES (1,'PidTagAccess','63'),(1,'PidTagRights','2043'),(1,'PidTagFolderType','1'),(1,'PidTagSubFolders','TRUE'),(1,'PidTagDisplayName','OpenChange: openchange'),(1,'PidTagCreationTime','130609770590000000'),(1,'PidTagMessageClass','IPC'),(1,'PidTagIpmDraftsEntryId','AAAAAM9SIQg5rqFEsR+h4a87rAgBAKnGCelCYV1MkNKA5oKAdFgAAAAAA/kAAA=='),(1,'PidTagIpmAppointmentEntryId','AAAAAM9SIQg5rqFEsR+h4a87rAgBAKnGCelCYV1MkNKA5oKAdFgAAAAAA/oAAA=='),(1,'PidTagIpmContactEntryId','AAAAAM9SIQg5rqFEsR+h4a87rAgBAKnGCelCYV1MkNKA5oKAdFgAAAAAA/sAAA=='),(1,'PidTagIpmTaskEntryId','AAAAAM9SIQg5rqFEsR+h4a87rAgBAKnGCelCYV1MkNKA5oKAdFgAAAAAA/wAAA=='),(1,'PidTagIpmNoteEntryId','AAAAAM9SIQg5rqFEsR+h4a87rAgBAKnGCelCYV1MkNKA5oKAdFgAAAAAA/0AAA=='),(1,'PidTagIpmJournalEntryId','AAAAAM9SIQg5rqFEsR+h4a87rAgBAKnGCelCYV1MkNKA5oKAdFgAAAAAA/4AAA=='),(1,'PidTagRemindersOnlineEntryId','AAAAAM9SIQg5rqFEsR+h4a87rAgBAKnGCelCYV1MkNKA5oKAdFgAAAAAA/EAAA=='),(1,'PidTagAdditionalRenEntryIds','0x00000006;<nil>;<nil>;<nil>;<nil>;AAAAAM9SIQg5rqFEsR+h4a87rAgBAKnGCelCYV1MkNKA5oKAdFgAAAAABAcAAA==;<nil>'),(1,'PidTagAdditionalRenEntryIdsEx','AYAyAAEALgAAAAAAz1IhCDmuoUSxH6HhrzusCAEAqcYJ6UJhXUyQ0oDmgoB0WAAAAAAEAQAABoAyAAEALgAAAAAAz1IhCDmuoUSxH6HhrzusCAEAqcYJ6UJhXUyQ0oDmgoB0WAAAAAAEAgAAB4AyAAEALgAAAAAAz1IhCDmuoUSxH6HhrzusCAEAqcYJ6UJhXUyQ0oDmgoB0WAAAAAAEAwAACIAyAAEALgAAAAAAz1IhCDmuoUSxH6HhrzusCAEAqcYJ6UJhXUyQ0oDmgoB0WAAAAAAECQAAAAAAAA=='),(1,'PidTagLastModificationTime','130609770670000000'),(1,'PidTagChangeNumber','10448351135499550721');
/*!40000 ALTER TABLE `mailboxes_properties` ENABLE KEYS */;
UNLOCK TABLES;

--
-- Table structure for table `mapistore_indexes`
--

DROP TABLE IF EXISTS `mapistore_indexes`;
/*!40101 SET @saved_cs_client     = @@character_set_client */;
/*!40101 SET character_set_client = utf8 */;
CREATE TABLE `mapistore_indexes` (
  `id` int(11) NOT NULL AUTO_INCREMENT,
  `username` varchar(1024) NOT NULL,
  `next_fmid` varchar(36) NOT NULL,
  PRIMARY KEY (`id`)
) ENGINE=InnoDB AUTO_INCREMENT=2 DEFAULT CHARSET=latin1;
/*!40101 SET character_set_client = @saved_cs_client */;

--
-- Dumping data for table `mapistore_indexes`
--

LOCK TABLES `mapistore_indexes` WRITE;
/*!40000 ALTER TABLE `mapistore_indexes` DISABLE KEYS */;
INSERT INTO `mapistore_indexes` VALUES (1,'openchange','1052');
/*!40000 ALTER TABLE `mapistore_indexes` ENABLE KEYS */;
UNLOCK TABLES;

--
-- Table structure for table `mapistore_indexing`
--

DROP TABLE IF EXISTS `mapistore_indexing`;
/*!40101 SET @saved_cs_client     = @@character_set_client */;
/*!40101 SET character_set_client = utf8 */;
CREATE TABLE `mapistore_indexing` (
  `id` int(11) NOT NULL AUTO_INCREMENT,
  `username` varchar(1024) NOT NULL,
  `fmid` varchar(36) NOT NULL,
  `url` varchar(1024) NOT NULL,
  `soft_deleted` varchar(36) NOT NULL,
  PRIMARY KEY (`id`)
) ENGINE=InnoDB AUTO_INCREMENT=47 DEFAULT CHARSET=latin1;
/*!40101 SET character_set_client = @saved_cs_client */;

--
-- Dumping data for table `mapistore_indexing`
--

LOCK TABLES `mapistore_indexing` WRITE;
/*!40000 ALTER TABLE `mapistore_indexing` DISABLE KEYS */;
/*!40000 ALTER TABLE `mapistore_indexing` ENABLE KEYS */;
UNLOCK TABLES;

--
-- Table structure for table `messages`
--

DROP TABLE IF EXISTS `messages`;
/*!40101 SET @saved_cs_client     = @@character_set_client */;
/*!40101 SET character_set_client = utf8 */;
CREATE TABLE `messages` (
  `id` bigint(20) unsigned NOT NULL AUTO_INCREMENT,
  `ou_id` int(11) DEFAULT NULL,
  `message_id` bigint(20) unsigned DEFAULT NULL,
  `message_type` varchar(45) DEFAULT NULL,
  `folder_id` bigint(20) unsigned DEFAULT NULL,
  `mailbox_id` bigint(20) unsigned DEFAULT NULL,
  `normalized_subject` text,
  PRIMARY KEY (`id`),
  KEY `fk_messages_ou_id_idx` (`ou_id`),
  KEY `fk_messages_folder_id_idx` (`folder_id`),
  KEY `fk_messages_mailbox_id_idx` (`mailbox_id`),
  CONSTRAINT `fk_messages_folder_id` FOREIGN KEY (`folder_id`) REFERENCES `folders` (`id`) ON DELETE CASCADE ON UPDATE CASCADE,
  CONSTRAINT `fk_messages_mailbox_id` FOREIGN KEY (`mailbox_id`) REFERENCES `mailboxes` (`id`) ON DELETE CASCADE ON UPDATE CASCADE,
  CONSTRAINT `fk_messages_ou_id` FOREIGN KEY (`ou_id`) REFERENCES `organizational_units` (`id`) ON DELETE CASCADE ON UPDATE CASCADE
) ENGINE=InnoDB AUTO_INCREMENT=2 DEFAULT CHARSET=latin1;
/*!40101 SET character_set_client = @saved_cs_client */;

--
-- Dumping data for table `messages`
--

LOCK TABLES `messages` WRITE;
/*!40000 ALTER TABLE `messages` DISABLE KEYS */;
INSERT INTO `messages` VALUES (1,1,720575940379279361,'systemMessage',8,1,'USER-/CN=RECIPIENTS/CN=OPENCHANGE');
/*!40000 ALTER TABLE `messages` ENABLE KEYS */;
UNLOCK TABLES;

--
-- Table structure for table `messages_properties`
--

DROP TABLE IF EXISTS `messages_properties`;
/*!40101 SET @saved_cs_client     = @@character_set_client */;
/*!40101 SET character_set_client = utf8 */;
CREATE TABLE `messages_properties` (
  `message_id` bigint(20) unsigned NOT NULL,
  `name` varchar(128) NOT NULL,
  `value` varchar(512) NOT NULL,
  KEY `fk_messages_properties_message_id_idx` (`message_id`),
  KEY `message_properties_message_id_name_idx` (`message_id`,`name`),
  CONSTRAINT `fk_messages_properties_message_id` FOREIGN KEY (`message_id`) REFERENCES `messages` (`id`) ON DELETE CASCADE ON UPDATE CASCADE
) ENGINE=InnoDB DEFAULT CHARSET=latin1;
/*!40101 SET character_set_client = @saved_cs_client */;

--
-- Dumping data for table `messages_properties`
--

LOCK TABLES `messages_properties` WRITE;
/*!40000 ALTER TABLE `messages_properties` DISABLE KEYS */;
INSERT INTO `messages_properties` VALUES (1,'PidTagDisplayBcc',''),(1,'PidTagDisplayCc',''),(1,'PidTagDisplayTo',''),(1,'PidTagHasNamedProperties','0');
/*!40000 ALTER TABLE `messages_properties` ENABLE KEYS */;
UNLOCK TABLES;

--
-- Table structure for table `named_properties`
--

DROP TABLE IF EXISTS `named_properties`;
/*!40101 SET @saved_cs_client     = @@character_set_client */;
/*!40101 SET character_set_client = utf8 */;
CREATE TABLE `named_properties` (
  `id` int(10) unsigned NOT NULL AUTO_INCREMENT,
  `type` tinyint(1) NOT NULL,
  `propType` int(10) unsigned NOT NULL,
  `oleguid` varchar(255) NOT NULL,
  `mappedId` int(10) unsigned NOT NULL,
  `propId` int(10) unsigned DEFAULT NULL,
  `propName` varchar(255) DEFAULT NULL,
  `oom` varchar(255) DEFAULT NULL,
  `canonical` varchar(255) DEFAULT NULL,
  PRIMARY KEY (`id`),
  KEY `named_properties_nappedId` (`mappedId`),
  KEY `named_properties_type_oleguid_propId` (`type`,`oleguid`,`propId`),
  KEY `named_properties_type_oleguid_propName` (`type`,`oleguid`,`propName`)
) ENGINE=InnoDB AUTO_INCREMENT=1064 DEFAULT CHARSET=utf8;
/*!40101 SET character_set_client = @saved_cs_client */;

--
-- Dumping data for table `named_properties`
--

LOCK TABLES `named_properties` WRITE;
/*!40000 ALTER TABLE `named_properties` DISABLE KEYS */;
INSERT INTO `named_properties` VALUES (1,0,64,'6ed8da90-450b-101b-98da-00aa003f1305',37266,1,NULL,'LID_ATTENDEE_CRITICAL_CHANGE','PidLidAttendeeCriticalChange'),(2,0,31,'6ed8da90-450b-101b-98da-00aa003f1305',37384,2,NULL,'LID_WHERE','PidLidWhere'),(3,0,258,'6ed8da90-450b-101b-98da-00aa003f1305',37322,3,NULL,'LID_GLOBAL_OBJID','PidLidGlobalObjectId'),(4,0,11,'6ed8da90-450b-101b-98da-00aa003f1305',37328,4,NULL,'LID_IS_SILENT','PidLidIsSilent'),(5,0,11,'6ed8da90-450b-101b-98da-00aa003f1305',37327,5,NULL,'LID_IS_RECURRING','PidLidIsRecurring'),(6,0,31,'6ed8da90-450b-101b-98da-00aa003f1305',37364,6,NULL,'LID_REQUIRED_ATTENDEES','PidLidRequiredAttendees'),(7,0,31,'6ed8da90-450b-101b-98da-00aa003f1305',37342,7,NULL,'LID_OPTIONAL_ATTENDEES','PidLidOptionalAttendees'),(8,0,31,'6ed8da90-450b-101b-98da-00aa003f1305',37365,8,NULL,'LID_RESOURCE_ATTENDEES','PidLidResourceAttendees'),(9,0,11,'6ed8da90-450b-101b-98da-00aa003f1305',37284,9,NULL,'LID_DELEGATE_MAIL','PidLidDelegateMail'),(10,0,11,'6ed8da90-450b-101b-98da-00aa003f1305',37326,10,NULL,'LID_IS_EXCEPTION','PidLidIsException'),(11,0,11,'6ed8da90-450b-101b-98da-00aa003f1305',37369,11,NULL,'LID_SINGLE_INVITE','PidLidSingleInvite'),(12,0,3,'6ed8da90-450b-101b-98da-00aa003f1305',37376,12,NULL,'LID_TIME_ZONE','PidLidTimeZone'),(13,0,3,'6ed8da90-450b-101b-98da-00aa003f1305',37372,13,NULL,'LID_START_RECUR_DATE','PidLidStartRecurrenceDate'),(14,0,3,'6ed8da90-450b-101b-98da-00aa003f1305',37373,14,NULL,'LID_START_RECUR_TIME','PidLidStartRecurrenceTime'),(15,0,3,'6ed8da90-450b-101b-98da-00aa003f1305',37310,15,NULL,'EndRecurrenceDate','PidLidEndRecurrenceDate'),(16,0,3,'6ed8da90-450b-101b-98da-00aa003f1305',37311,16,NULL,'EndRecurrenceTime','PidLidEndRecurrenceTime'),(17,0,2,'6ed8da90-450b-101b-98da-00aa003f1305',37281,17,NULL,'LID_DAY_INTERVAL','PidLidDayInterval'),(18,0,2,'6ed8da90-450b-101b-98da-00aa003f1305',37382,18,NULL,'LID_WEEK_INTERVAL','PidLidWeekInterval'),(19,0,2,'6ed8da90-450b-101b-98da-00aa003f1305',37332,19,NULL,'LID_MONTH_INTERVAL','PidLidMonthInterval'),(20,0,2,'6ed8da90-450b-101b-98da-00aa003f1305',37385,20,NULL,'LID_YEAR_INTERVAL','PidLidYearInterval'),(21,0,3,'6ed8da90-450b-101b-98da-00aa003f1305',37334,23,NULL,'LID_MOY_MASK','PidLidMonthOfYearMask'),(22,0,2,'6ed8da90-450b-101b-98da-00aa003f1305',37348,24,NULL,'OldRecurrenceType','PidLidOldRecurrenceType'),(23,0,64,'6ed8da90-450b-101b-98da-00aa003f1305',37122,26,NULL,'LID_OWNER_CRITICAL_CHANGE','PidLidOwnerCriticalChange'),(24,0,1,'6ed8da90-450b-101b-98da-00aa003f1305',37123,27,NULL,'NULL','PidLidUnknown001B'),(25,0,3,'6ed8da90-450b-101b-98da-00aa003f1305',37268,28,NULL,'LID_CALENDAR_TYPE','PidLidCalendarType'),(26,0,31,'6ed8da90-450b-101b-98da-00aa003f1305',37465,29,NULL,'LID_ALL_ATTENDEES_LIST','PidLidAllAttendeesList'),(27,0,258,'6ed8da90-450b-101b-98da-00aa003f1305',37269,35,NULL,'CleanGlobalObjId','PidLidCleanGlobalObjectId'),(28,0,31,'6ed8da90-450b-101b-98da-00aa003f1305',37464,36,NULL,'ApptMessageClass','PidLidAppointmentMessageClass'),(29,0,3,'6ed8da90-450b-101b-98da-00aa003f1305',37733,38,NULL,'MeetingType','PidLidMeetingType'),(30,0,31,'6ed8da90-450b-101b-98da-00aa003f1305',37735,40,NULL,'OldLocation','PidLidOldLocation'),(31,0,64,'6ed8da90-450b-101b-98da-00aa003f1305',37968,41,NULL,'OldWhenStartWhole','PidLidOldWhenStartWhole'),(32,0,64,'6ed8da90-450b-101b-98da-00aa003f1305',37969,42,NULL,'OldWhenEndWhole','PidLidOldWhenEndWhole'),(33,0,31,'00062004-0000-0000-c000-000000000046',37314,32773,NULL,'FileUnder','PidLidFileUnder'),(34,0,3,'00062004-0000-0000-c000-000000000046',37315,32774,NULL,'FileUnderId','PidLidFileUnderId'),(35,0,4099,'00062004-0000-0000-c000-000000000046',37634,32775,NULL,'ContactItemData','PidLidContactItemData'),(36,0,31,'00062004-0000-0000-c000-000000000046',37026,32782,NULL,'ReferredBy','PidLidReferredBy'),(37,0,31,'00062004-0000-0000-c000-000000000046',37633,32784,NULL,'Department','PidLidDepartment'),(38,0,11,'00062004-0000-0000-c000-000000000046',37692,32789,NULL,'HasPicture','PidLidHasPicture'),(39,0,31,'00062004-0000-0000-c000-000000000046',37013,32794,NULL,'HomeAddress','PidLidHomeAddress'),(40,0,31,'00062004-0000-0000-c000-000000000046',37031,32795,NULL,'WorkAddress','PidLidWorkAddress'),(41,0,31,'00062004-0000-0000-c000-000000000046',37020,32796,NULL,'OtherAddress','PidLidOtherAddress'),(42,0,3,'00062004-0000-0000-c000-000000000046',37016,32802,NULL,'PostalAddressId','PidLidPostalAddressId'),(43,0,3,'00062004-0000-0000-c000-000000000046',37642,32803,NULL,'ContactCharSet','PidLidContactCharacterSet'),(44,0,11,'00062004-0000-0000-c000-000000000046',37636,32805,NULL,'AutoLog','PidLidAutoLog'),(45,0,4099,'00062004-0000-0000-c000-000000000046',37631,32806,NULL,'FileUnderList','PidLidFileUnderList'),(46,0,4099,'00062004-0000-0000-c000-000000000046',37632,32807,NULL,'EmailList','PidLidEmailList'),(47,0,4099,'00062004-0000-0000-c000-000000000046',37308,32808,NULL,'ABPEmailList','PidLidAddressBookProviderEmailList'),(48,0,3,'00062004-0000-0000-c000-000000000046',37309,32809,NULL,'ABPArrayType','PidLidAddressBookProviderArrayType'),(49,0,31,'00062004-0000-0000-c000-000000000046',37645,32811,NULL,'HTML','PidLidHtml'),(50,0,31,'00062004-0000-0000-c000-000000000046',37201,32812,NULL,'YomiFirstName','PidLidYomiFirstName'),(51,0,31,'00062004-0000-0000-c000-000000000046',37202,32813,NULL,'YomiLastName','PidLidYomiLastName'),(52,0,31,'00062004-0000-0000-c000-000000000046',37203,32814,NULL,'YomiCompanyName','PidLidYomiCompanyName'),(53,0,258,'00062004-0000-0000-c000-000000000046',37693,32832,NULL,'BCDisplayDefinition','PidLidBusinessCardDisplayDefinition'),(54,0,258,'00062004-0000-0000-c000-000000000046',37694,32833,NULL,'BCCardPicture','PidLidBusinessCardCardPicture'),(55,0,31,'00062004-0000-0000-c000-000000000046',37030,32837,NULL,'WorkAddressStreet','PidLidWorkAddressStreet'),(56,0,31,'00062004-0000-0000-c000-000000000046',37015,32838,NULL,'WorkAddressCity','PidLidWorkAddressCity'),(57,0,31,'00062004-0000-0000-c000-000000000046',37029,32839,NULL,'WorkAddressState','PidLidWorkAddressState'),(58,0,31,'00062004-0000-0000-c000-000000000046',37022,32840,NULL,'WorkAddressPostalCode','PidLidWorkAddressPostalCode'),(59,0,31,'00062004-0000-0000-c000-000000000046',37005,32841,NULL,'WorkAddressCountry','PidLidWorkAddressCountry'),(60,0,31,'00062004-0000-0000-c000-000000000046',37023,32842,NULL,'WorkAddressPostOfficeBox','PidLidWorkAddressPostOfficeBox'),(61,0,3,'00062004-0000-0000-c000-000000000046',37286,32844,NULL,'DLChecksum','PidLidDistributionListChecksum'),(62,0,258,'00062004-0000-0000-c000-000000000046',37922,32845,NULL,'BirthdayEventEID','PidLidBirthdayEventEntryId'),(63,0,258,'00062004-0000-0000-c000-000000000046',37923,32846,NULL,'AnniversaryEventEID','PidLidAnniversaryEventEntryId'),(64,0,31,'00062004-0000-0000-c000-000000000046',37180,32847,NULL,'ContactUserField1','PidLidContactUserField1'),(65,0,31,'00062004-0000-0000-c000-000000000046',37181,32848,NULL,'ContactUserField2','PidLidContactUserField2'),(66,0,31,'00062004-0000-0000-c000-000000000046',37182,32849,NULL,'ContactUserField3','PidLidContactUserField3'),(67,0,31,'00062004-0000-0000-c000-000000000046',37183,32850,NULL,'ContactUserField4','PidLidContactUserField4'),(68,0,31,'00062004-0000-0000-c000-000000000046',37288,32851,NULL,'DLName','PidLidDistributionListName'),(69,0,4354,'00062004-0000-0000-c000-000000000046',37289,32852,NULL,'DLOneOffMembers','PidLidDistributionListOneOffMembers'),(70,0,4354,'00062004-0000-0000-c000-000000000046',37287,32853,NULL,'DLMembers','PidLidDistributionListMembers'),(71,0,31,'00062004-0000-0000-c000-000000000046',37542,32866,NULL,'InstMsg','PidLidInstantMessagingAddress'),(72,0,3,'00062004-0000-0000-c000-000000000046',37921,32868,NULL,'DLStream','PidLidDistributionListStream'),(73,0,31,'00062004-0000-0000-c000-000000000046',37295,32896,NULL,'Email1DisplayName','PidLidEmail1DisplayName'),(74,0,31,'00062004-0000-0000-c000-000000000046',37293,32898,NULL,'Email1AddrType','PidLidEmail1AddressType'),(75,0,31,'00062004-0000-0000-c000-000000000046',37294,32899,NULL,'Email1EmailAddress','PidLidEmail1EmailAddress'),(76,0,31,'00062004-0000-0000-c000-000000000046',37296,32900,NULL,'Email1OriginalDisplayName','PidLidEmail1OriginalDisplayName'),(77,0,258,'00062004-0000-0000-c000-000000000046',37297,32901,NULL,'Email1OriginalEntryID','PidLidEmail1OriginalEntryId'),(78,0,11,'00062004-0000-0000-c000-000000000046',37532,32902,NULL,'Email1RichTextFormat','PidLidEmail1RichTextFormat'),(79,0,31,'00062004-0000-0000-c000-000000000046',37669,32903,NULL,'Email1EmailType','PidLidEmail1EmailType'),(80,0,31,'00062004-0000-0000-c000-000000000046',37300,32912,NULL,'Email2DisplayName','PidLidEmail2DisplayName'),(81,0,258,'00062004-0000-0000-c000-000000000046',37670,32913,NULL,'Email2EntryID','PidLidEmail2EntryId'),(82,0,31,'00062004-0000-0000-c000-000000000046',37298,32914,NULL,'Email2AddrType','PidLidEmail2AddressType'),(83,0,31,'00062004-0000-0000-c000-000000000046',37299,32915,NULL,'Email2EmailAddress','PidLidEmail2EmailAddress'),(84,0,31,'00062004-0000-0000-c000-000000000046',37301,32916,NULL,'Email2OriginalDisplayName','PidLidEmail2OriginalDisplayName'),(85,0,258,'00062004-0000-0000-c000-000000000046',37302,32917,NULL,'Email2OriginalEntryID','PidLidEmail2OriginalEntryId'),(86,0,11,'00062004-0000-0000-c000-000000000046',37533,32918,NULL,'Email2RichTextFormat','PidLidEmail2RichTextFormat'),(87,0,31,'00062004-0000-0000-c000-000000000046',37305,32928,NULL,'Email3DisplayName','PidLidEmail3DisplayName'),(88,0,258,'00062004-0000-0000-c000-000000000046',37672,32929,NULL,'Email3EntryID','PidLidEmail3EntryId'),(89,0,31,'00062004-0000-0000-c000-000000000046',37303,32930,NULL,'Email3AddrType','PidLidEmail3AddressType'),(90,0,31,'00062004-0000-0000-c000-000000000046',37304,32931,NULL,'Email3EmailAddress','PidLidEmail3EmailAddress'),(91,0,31,'00062004-0000-0000-c000-000000000046',37306,32932,NULL,'Email3OriginalDisplayName','PidLidEmail3OriginalDisplayName'),(92,0,258,'00062004-0000-0000-c000-000000000046',37307,32933,NULL,'Email3OriginalEntryID','PidLidEmail3OriginalEntryId'),(93,0,11,'00062004-0000-0000-c000-000000000046',37534,32934,NULL,'Email3RichTextFormat','PidLidEmail3RichTextFormat'),(94,0,31,'00062004-0000-0000-c000-000000000046',37525,32946,NULL,'Fax1AddrType','PidLidFax1AddressType'),(95,0,31,'00062004-0000-0000-c000-000000000046',37522,32947,NULL,'Fax1EmailAddress','PidLidFax1EmailAddress'),(96,0,31,'00062004-0000-0000-c000-000000000046',37528,32948,NULL,'Fax1OriginalDisplayName','PidLidFax1OriginalDisplayName'),(97,0,258,'00062004-0000-0000-c000-000000000046',37531,32949,NULL,'Fax1OriginalEntryID','PidLidFax1OriginalEntryId'),(98,0,31,'00062004-0000-0000-c000-000000000046',37523,32962,NULL,'Fax2AddrType','PidLidFax2AddressType'),(99,0,31,'00062004-0000-0000-c000-000000000046',37520,32963,NULL,'Fax2EmailAddress','PidLidFax2EmailAddress'),(100,0,31,'00062004-0000-0000-c000-000000000046',37526,32964,NULL,'Fax2OriginalDisplayName','PidLidFax2OriginalDisplayName'),(101,0,258,'00062004-0000-0000-c000-000000000046',37529,32965,NULL,'Fax2OriginalEntryID','PidLidFax2OriginalEntryId'),(102,0,31,'00062004-0000-0000-c000-000000000046',37524,32978,NULL,'Fax3AddrType','PidLidFax3AddressType'),(103,0,31,'00062004-0000-0000-c000-000000000046',37521,32979,NULL,'Fax3EmailAddress','PidLidFax3EmailAddress'),(104,0,31,'00062004-0000-0000-c000-000000000046',37527,32980,NULL,'Fax3OriginalDisplayName','PidLidFax3OriginalDisplayName'),(105,0,258,'00062004-0000-0000-c000-000000000046',37530,32981,NULL,'Fax3OriginalEntryID','PidLidFax3OriginalEntryId'),(106,0,31,'00062004-0000-0000-c000-000000000046',37126,32984,NULL,'FreeBusyLocation','PidLidFreeBusyLocation'),(107,0,31,'00062004-0000-0000-c000-000000000046',37639,32986,NULL,'HomeAddressCountryCode','PidLidHomeAddressCountryCode'),(108,0,31,'00062004-0000-0000-c000-000000000046',37638,32987,NULL,'WorkAddressCountryCode','PidLidWorkAddressCountryCode'),(109,0,31,'00062004-0000-0000-c000-000000000046',37640,32988,NULL,'OtherAddressCountryCode','PidLidOtherAddressCountryCode'),(110,0,31,'00062004-0000-0000-c000-000000000046',37641,32989,NULL,'AddressCountryCode','PidLidAddressCountryCode'),(111,0,3,'00062003-0000-0000-c000-000000000046',37152,33025,NULL,'TaskStatus','PidLidTaskStatus'),(112,0,5,'00062003-0000-0000-c000-000000000046',37153,33026,NULL,'PercentComplete','PidLidPercentComplete'),(113,0,11,'00062003-0000-0000-c000-000000000046',37173,33027,NULL,'TeamTask','PidLidTeamTask'),(114,0,64,'00062003-0000-0000-c000-000000000046',37150,33028,NULL,'TaskStartDate','PidLidTaskStartDate'),(115,0,64,'00062003-0000-0000-c000-000000000046',37151,33029,NULL,'TaskDueDate','PidLidTaskDueDate'),(116,0,11,'00062003-0000-0000-c000-000000000046',37175,33031,NULL,'TaskResetReminder','PidLidTaskResetReminder'),(117,0,11,'00062003-0000-0000-c000-000000000046',37700,33032,NULL,'TaskAccepted','PidLidTaskAccepted'),(118,0,11,'00062003-0000-0000-c000-000000000046',37159,33033,NULL,'TaskDeadOccur','PidLidTaskDeadOccurrence'),(119,0,64,'00062003-0000-0000-c000-000000000046',37157,33039,NULL,'TaskDateCompleted','PidLidTaskDateCompleted'),(120,0,3,'00062003-0000-0000-c000-000000000046',37160,33040,NULL,'TaskActualEffort','PidLidTaskActualEffort'),(121,0,3,'00062003-0000-0000-c000-000000000046',37161,33041,NULL,'TaskEstimatedEffort','PidLidTaskEstimatedEffort'),(122,0,3,'00062003-0000-0000-c000-000000000046',37171,33042,NULL,'TaskVersion','PidLidTaskVersion'),(123,0,3,'00062003-0000-0000-c000-000000000046',37155,33043,NULL,'TaskState','PidLidTaskState'),(124,0,64,'00062003-0000-0000-c000-000000000046',37166,33045,NULL,'TaskLastUpdate','PidLidTaskLastUpdate'),(125,0,258,'00062003-0000-0000-c000-000000000046',37174,33046,NULL,'TaskRecur','PidLidTaskRecurrence'),(126,0,258,'00062003-0000-0000-c000-000000000046',37706,33047,NULL,'TaskMyDelegators','PidLidTaskAssigners'),(127,0,11,'00062003-0000-0000-c000-000000000046',37702,33049,NULL,'TaskSOC','PidLidTaskStatusOnComplete'),(128,0,3,'00062003-0000-0000-c000-000000000046',37163,33050,NULL,'TaskHistory','PidLidTaskHistory'),(129,0,11,'00062003-0000-0000-c000-000000000046',37701,33051,NULL,'TaskUpdates','PidLidTaskUpdates'),(130,0,11,'00062003-0000-0000-c000-000000000046',37156,33052,NULL,'TaskComplete','PidLidTaskComplete'),(131,0,11,'00062003-0000-0000-c000-000000000046',37708,33054,NULL,'TaskFCreator','PidLidTaskFCreator'),(132,0,31,'00062003-0000-0000-c000-000000000046',37154,33055,NULL,'TaskOwner','PidLidTaskOwner'),(133,0,3,'00062003-0000-0000-c000-000000000046',37162,33056,NULL,'TaskMultRecips','PidLidTaskMultipleRecipients'),(134,0,31,'00062003-0000-0000-c000-000000000046',37172,33057,NULL,'TaskDelegator','PidLidTaskAssigner'),(135,0,31,'00062003-0000-0000-c000-000000000046',37165,33058,NULL,'TaskLastUser','PidLidTaskLastUser'),(136,0,3,'00062003-0000-0000-c000-000000000046',37176,33059,NULL,'TaskOrdinal','PidLidTaskOrdinal'),(137,0,11,'00062003-0000-0000-c000-000000000046',37168,33060,NULL,'TaskNoCompute','PidLidTaskNoCompute'),(138,0,31,'00062003-0000-0000-c000-000000000046',37703,33061,NULL,'TaskLastDelegate','PidLidTaskLastDelegate'),(139,0,11,'00062003-0000-0000-c000-000000000046',37158,33062,NULL,'TaskFRecur','PidLidTaskFRecurring'),(140,0,31,'00062003-0000-0000-c000-000000000046',37170,33063,NULL,'TaskRole','PidLidTaskRole'),(141,0,3,'00062003-0000-0000-c000-000000000046',37167,33065,NULL,'TaskOwnership','PidLidTaskOwnership'),(142,0,3,'00062003-0000-0000-c000-000000000046',37164,33066,NULL,'TaskDelegValue','PidLidAcceptanceState'),(143,0,11,'00062003-0000-0000-c000-000000000046',37169,33068,NULL,'TaskFFixOffline','PidLidTaskFFixOffline'),(144,0,3,'00062003-0000-0000-c000-000000000046',37928,33081,NULL,'TaskActualEffort','PidLidTaskCustomFlags'),(145,0,11,'00062002-0000-0000-c000-000000000046',37458,33280,NULL,'SendMtgAsICAL','PidLidSendMeetingAsIcal'),(146,0,3,'00062002-0000-0000-c000-000000000046',37459,33281,NULL,'ApptSequence','PidLidAppointmentSequence'),(147,0,64,'00062002-0000-0000-c000-000000000046',37460,33282,NULL,'ApptSeqTime','PidLidAppointmentSequenceTime'),(148,0,3,'00062002-0000-0000-c000-000000000046',37462,33283,NULL,'ApptLastSequence','PidLidAppointmentLastSequence'),(149,0,3,'00062002-0000-0000-c000-000000000046',37716,33284,NULL,'ChangeHighlight','PidLidChangeHighlight'),(150,0,3,'00062002-0000-0000-c000-000000000046',37267,33285,NULL,'BusyStatus','PidLidBusyStatus'),(151,0,11,'00062002-0000-0000-c000-000000000046',37451,33286,NULL,'FExceptionalBody','PidLidFExceptionalBody'),(152,0,3,'00062002-0000-0000-c000-000000000046',37445,33287,NULL,'ApptAuxFlags','PidLidAppointmentAuxiliaryFlags'),(153,0,31,'00062002-0000-0000-c000-000000000046',37132,33288,NULL,'Location','PidLidLocation'),(154,0,31,'00062002-0000-0000-c000-000000000046',37329,33289,NULL,'MWSURL','PidLidMeetingWorkspaceUrl'),(155,0,11,'00062002-0000-0000-c000-000000000046',37463,33290,NULL,'FwrdInstance','PidLidForwardInstance'),(156,0,4354,'00062002-0000-0000-c000-000000000046',37936,33292,NULL,'LinkedTaskItems','PidLidLinkedTaskItems'),(157,0,64,'00062002-0000-0000-c000-000000000046',37263,33293,NULL,'ApptStartWhole','PidLidAppointmentStartWhole'),(158,0,64,'00062002-0000-0000-c000-000000000046',37258,33294,NULL,'ApptEndWhole','PidLidAppointmentEndWhole'),(159,0,64,'00062002-0000-0000-c000-000000000046',37262,33295,NULL,'ApptStartTime','PidLidAppointmentStartTime'),(160,0,64,'00062002-0000-0000-c000-000000000046',37257,33296,NULL,'ApptEndTime','PidLidAppointmentEndTime'),(161,0,64,'00062002-0000-0000-c000-000000000046',37256,33297,NULL,'ApptEndDate','PidLidAppointmentEndDate'),(162,0,64,'00062002-0000-0000-c000-000000000046',37261,33298,NULL,'ApptStartDate','PidLidAppointmentStartDate'),(163,0,3,'00062002-0000-0000-c000-000000000046',37255,33299,NULL,'ApptDuration','PidLidAppointmentDuration'),(164,0,3,'00062002-0000-0000-c000-000000000046',37441,33300,NULL,'ApptColor','PidLidAppointmentColor'),(165,0,11,'00062002-0000-0000-c000-000000000046',37114,33301,NULL,'ApptSubType','PidLidAppointmentSubType'),(166,0,258,'00062002-0000-0000-c000-000000000046',37259,33302,NULL,'ApptRecur','PidLidAppointmentRecur'),(167,0,3,'00062002-0000-0000-c000-000000000046',37264,33303,NULL,'ApptStateFlags','PidLidAppointmentStateFlags'),(168,0,3,'00062002-0000-0000-c000-000000000046',37116,33304,NULL,'ResponseStatus','PidLidResponseStatus'),(169,0,64,'00062002-0000-0000-c000-000000000046',37140,33312,NULL,'ApptReplyTime','PidLidAppointmentReplyTime'),(170,0,11,'00062002-0000-0000-c000-000000000046',37351,33315,NULL,'Recurring','PidLidRecurring'),(171,0,3,'00062002-0000-0000-c000-000000000046',37324,33316,NULL,'IntendedBusyStatus','PidLidIntendedBusyStatus'),(172,0,1,'00062002-0000-0000-c000-000000000046',37325,33317,NULL,'NULL','PidLidUnknown8225'),(173,0,64,'00062002-0000-0000-c000-000000000046',37265,33318,NULL,'ApptUpdateTime','PidLidAppointmentUpdateTime'),(174,0,64,'00062002-0000-0000-c000-000000000046',37449,33320,NULL,'ExceptionReplaceTime','PidLidExceptionReplaceTime'),(175,0,11,'00062002-0000-0000-c000-000000000046',37316,33321,NULL,'FInvited','PidLidFInvited'),(176,0,11,'00062002-0000-0000-c000-000000000046',37450,33323,NULL,'FExceptionalAttendees','PidLidFExceptionalAttendees'),(177,0,1,'00062002-0000-0000-c000-000000000046',37452,33324,NULL,'NULL','PidLidUnknown822c'),(178,0,1,'00062002-0000-0000-c000-000000000046',37454,33325,NULL,'NULL','PidLidUnknown822d'),(179,0,31,'00062002-0000-0000-c000-000000000046',37344,33326,NULL,'OwnerName','PidLidOwnerName'),(180,0,11,'00062002-0000-0000-c000-000000000046',37320,33327,NULL,'FOthersAppt','PidLidFOthersAppointment'),(181,0,31,'00062002-0000-0000-c000-000000000046',37260,33328,NULL,'ApptReplyName','PidLidAppointmentReplyName'),(182,0,3,'00062002-0000-0000-c000-000000000046',37352,33329,NULL,'RecurType','PidLidRecurrenceType'),(183,0,31,'00062002-0000-0000-c000-000000000046',37350,33330,NULL,'RecurPattern','PidLidRecurrencePattern'),(184,0,258,'00062002-0000-0000-c000-000000000046',37378,33331,NULL,'TimeZoneStruct','PidLidTimeZoneStruct'),(185,0,31,'00062002-0000-0000-c000-000000000046',37377,33332,NULL,'TimeZoneDesc','PidLidTimeZoneDescription'),(186,0,64,'00062002-0000-0000-c000-000000000046',37271,33333,NULL,'ClipStart','PidLidClipStart'),(187,0,64,'00062002-0000-0000-c000-000000000046',37270,33334,NULL,'ClipEnd','PidLidClipEnd'),(188,0,258,'00062002-0000-0000-c000-000000000046',37343,33335,NULL,'OrigStoreEid','PidLidOriginalStoreEntryId'),(189,0,31,'00062002-0000-0000-c000-000000000046',37254,33336,NULL,'AllAttendeesString','PidLidAllAttendeesString'),(190,0,11,'00062002-0000-0000-c000-000000000046',37461,33338,NULL,'AutoFillLocation','PidLidAutoFillLocation'),(191,0,31,'00062002-0000-0000-c000-000000000046',37452,33339,NULL,'ToAttendeesString','PidLidToAttendeesString'),(192,0,31,'00062002-0000-0000-c000-000000000046',37453,33340,NULL,'CcAttendeesString','PidLidCcAttendeesString'),(193,0,11,'00062002-0000-0000-c000-000000000046',37434,33344,NULL,'ConfCheck','PidLidConferencingCheck'),(194,0,3,'00062002-0000-0000-c000-000000000046',37435,33345,NULL,'ConfType','PidLidConferencingType'),(195,0,31,'00062002-0000-0000-c000-000000000046',37437,33346,NULL,'Directory','PidLidDirectory'),(196,0,31,'00062002-0000-0000-c000-000000000046',37436,33347,NULL,'OrgAlias','PidLidOrganizerAlias'),(197,0,11,'00062002-0000-0000-c000-000000000046',37438,33348,NULL,'AutoStartCheck','PidLidAutoStartCheck'),(198,0,3,'00062002-0000-0000-c000-000000000046',37455,33349,NULL,'AutoStartWhen','PidLidAutoStartWhen'),(199,0,11,'00062002-0000-0000-c000-000000000046',37456,33350,NULL,'AllowExternCheck','PidLidAllowExternalCheck'),(200,0,31,'00062002-0000-0000-c000-000000000046',37439,33351,NULL,'CollaborateDoc','PidLidCollaborateDoc'),(201,0,31,'00062002-0000-0000-c000-000000000046',37440,33352,NULL,'NetShowURL','PidLidNetShowUrl'),(202,0,31,'00062002-0000-0000-c000-000000000046',37457,33353,NULL,'OnlinePassword','PidLidOnlinePassword'),(203,0,64,'00062002-0000-0000-c000-000000000046',37442,33360,NULL,'ApptProposedStartWhole','PidLidAppointmentProposedStartWhole'),(204,0,64,'00062002-0000-0000-c000-000000000046',37443,33361,NULL,'ApptProposedEndWhole','PidLidAppointmentProposedEndWhole'),(205,0,3,'00062002-0000-0000-c000-000000000046',37444,33366,NULL,'ApptProposedDuration','PidLidAppointmentProposedDuration'),(206,0,11,'00062002-0000-0000-c000-000000000046',37446,33367,NULL,'ApptCounterProposal','PidLidAppointmentCounterProposal'),(207,0,3,'00062002-0000-0000-c000-000000000046',37447,33369,NULL,'ApptProposalNum','PidLidAppointmentProposalNumber'),(208,0,11,'00062002-0000-0000-c000-000000000046',37448,33370,NULL,'ApptNotAllowPropose','PidLidAppointmentNotAllowPropose'),(209,0,258,'00062002-0000-0000-c000-000000000046',37935,33373,NULL,'ApptUnsendableRecipients','PidLidAppointmentUnsendableRecipients'),(210,0,258,'00062002-0000-0000-c000-000000000046',37932,33374,NULL,'ApptTZDefStartDisplay','PidLidAppointmentTimeZoneDefinitionStartDisplay'),(211,0,258,'00062002-0000-0000-c000-000000000046',37933,33375,NULL,'ApptTZDefEndDisplay','PidLidAppointmentTimeZoneDefinitionEndDisplay'),(212,0,258,'00062002-0000-0000-c000-000000000046',37934,33376,NULL,'ApptTZDefRecur','PidLidAppointmentTimeZoneDefinitionRecur'),(213,0,3,'00062008-0000-0000-c000-000000000046',37282,4096,NULL,'DayOfMonth','PidLidDayOfMonth'),(214,0,3,'00062008-0000-0000-c000-000000000046',37283,4097,NULL,'ICalendarDayOfWeekMask','PidLidICalendarDayOfWeekMask'),(215,0,1,'00062008-0000-0000-c000-000000000046',37285,4099,NULL,'NULL','PidLidUnknown1003'),(216,0,1,'00062008-0000-0000-c000-000000000046',37287,4100,NULL,'NULL','PidLidUnknown1004'),(217,0,3,'00062008-0000-0000-c000-000000000046',37341,4101,NULL,'Occurrences','PidLidOccurrences'),(218,0,3,'00062008-0000-0000-c000-000000000046',37333,4102,NULL,'MonthOfYear','PidLidMonthOfYear'),(219,0,3,'00062008-0000-0000-c000-000000000046',37290,4106,NULL,'NULL','PidLidUnknown100a'),(220,0,11,'00062008-0000-0000-c000-000000000046',37317,4107,NULL,'NoEndDateFlag','PidLidNoEndDateFlag'),(221,0,3,'00062008-0000-0000-c000-000000000046',37349,4109,NULL,'RecurrenceDuration','PidLidRecurrenceDuration'),(222,0,1,'00062008-0000-0000-c000-000000000046',37366,4111,NULL,'NULL','PidLidUnknown100f'),(223,0,3,'00062008-0000-0000-c000-000000000046',37353,34049,NULL,'ReminderDelta','PidLidReminderDelta'),(224,0,64,'00062008-0000-0000-c000-000000000046',37359,34050,NULL,'ReminderTime','PidLidReminderTime'),(225,0,11,'00062008-0000-0000-c000-000000000046',37358,34051,NULL,'ReminderSet','PidLidReminderSet'),(226,0,64,'00062008-0000-0000-c000-000000000046',37361,34052,NULL,'ReminderTimeTime','PidLidReminderTimeTime'),(227,0,64,'00062008-0000-0000-c000-000000000046',37360,34053,NULL,'ReminderTimeDate','PidLidReminderTimeDate'),(228,0,11,'00062008-0000-0000-c000-000000000046',37412,34054,NULL,'Private','PidLidPrivate'),(229,0,11,'00062008-0000-0000-c000-000000000046',37253,34062,NULL,'AgingDontAgeMe','PidLidAgingDontAgeMe'),(230,0,3,'00062008-0000-0000-c000-000000000046',37368,34064,NULL,'SideEffects','PidLidSideEffects'),(231,0,3,'00062008-0000-0000-c000-000000000046',37363,34065,NULL,'RemoteStatus','PidLidRemoteStatus'),(232,0,11,'00062008-0000-0000-c000-000000000046',37370,34068,NULL,'SmartNoAttach','PidLidSmartNoAttach'),(233,0,64,'00062008-0000-0000-c000-000000000046',37273,34070,NULL,'CommonStart','PidLidCommonStart'),(234,0,64,'00062008-0000-0000-c000-000000000046',37272,34071,NULL,'CommonEnd','PidLidCommonEnd'),(235,0,3,'00062008-0000-0000-c000-000000000046',37375,34072,NULL,'TaskMode','PidLidTaskMode'),(236,0,258,'00062008-0000-0000-c000-000000000046',37374,34073,NULL,'TaskGlobalObjId','PidLidTaskGlobalId'),(237,0,3,'00062008-0000-0000-c000-000000000046',37371,34074,NULL,'SniffState','PidLidAutoProcessState'),(238,0,11,'00062008-0000-0000-c000-000000000046',37356,34076,NULL,'ReminderOverride','PidLidReminderOverride'),(239,0,3,'00062008-0000-0000-c000-000000000046',37362,34077,NULL,'ReminderType','PidLidReminderType'),(240,0,11,'00062008-0000-0000-c000-000000000046',37357,34078,NULL,'ReminderPlaySound','PidLidReminderPlaySound'),(241,0,31,'00062008-0000-0000-c000-000000000046',37354,34079,NULL,'ReminderFileParam','PidLidReminderFileParameter'),(242,0,258,'00062008-0000-0000-c000-000000000046',37380,34080,NULL,'VerbStream','PidLidVerbStream'),(243,0,31,'00062008-0000-0000-c000-000000000046',37379,34084,NULL,'VerbResponse','PidLidVerbResponse'),(244,0,31,'00062008-0000-0000-c000-000000000046',36903,34096,NULL,'Request','PidLidFlagRequest'),(245,0,31,'00062008-0000-0000-c000-000000000046',37194,34100,NULL,'MileAge','PidLidMileage'),(246,0,31,'00062008-0000-0000-c000-000000000046',37003,34101,NULL,'BillingInformation','PidLidBillingInformation'),(247,0,31,'00062008-0000-0000-c000-000000000046',37337,34102,NULL,'NonSendableTo','PidLidNonSendtableTo'),(248,0,31,'00062008-0000-0000-c000-000000000046',37336,34103,NULL,'NonSendableCC','PidLidNonSendableCc'),(249,0,31,'00062008-0000-0000-c000-000000000046',37335,34104,NULL,'NonSendableBCC','PidLidNonSendableBcc'),(250,0,4126,'00062008-0000-0000-c000-000000000046',37178,34105,NULL,'Companies','PidLidCompanies'),(251,0,4126,'00062008-0000-0000-c000-000000000046',37275,34106,NULL,'Contacts','PidLidContacts'),(252,0,4099,'00062008-0000-0000-c000-000000000046',37340,34115,NULL,'NonSendToTrackStatus','PidLidNonSendToTrackStatus'),(253,0,4099,'00062008-0000-0000-c000-000000000046',37339,34116,NULL,'NonSendCcTrackStatus','PidLidNonSendCcTrackStatus'),(254,0,4099,'00062008-0000-0000-c000-000000000046',37338,34117,NULL,'NonSendBccTrackStatus','PidLidNonSendBccTrackStatus'),(255,0,3,'00062008-0000-0000-c000-000000000046',37277,34130,NULL,'CurrentVersion','PidLidCurrentVersion'),(256,0,31,'00062008-0000-0000-c000-000000000046',37278,34132,NULL,'CurrentVersionName','PidLidCurrentVersionName'),(257,0,64,'00062008-0000-0000-c000-000000000046',37355,34144,NULL,'ReminderNextTime','PidLidReminderSignalTime'),(258,0,3,'00062008-0000-0000-c000-000000000046',38117,34160,NULL,'ImapDeleted','PidLidImapDeleted'),(259,0,3,'00062008-0000-0000-c000-000000000046',38118,34168,NULL,'HeaderItem','PidLidHeaderItem'),(260,0,31,'00062008-0000-0000-c000-000000000046',37413,34176,NULL,'InetAcctName','PidLidInternetAccountName'),(261,0,31,'00062008-0000-0000-c000-000000000046',37414,34177,NULL,'InetAcctStamp','PidLidInternetAccountStamp'),(262,0,11,'00062008-0000-0000-c000-000000000046',37415,34178,NULL,'UseTNEF','PidLidUseTnef'),(263,0,258,'00062008-0000-0000-c000-000000000046',37419,34180,NULL,'ContactLinkSearchKey','PidLidContactLinkSearchKey'),(264,0,258,'00062008-0000-0000-c000-000000000046',37418,34181,NULL,'ContactLinkEntry','PidLidContactLinkEntry'),(265,0,31,'00062008-0000-0000-c000-000000000046',37417,34182,NULL,'ContactLinkName','PidLidContactLinkName'),(266,0,258,'00062008-0000-0000-c000-000000000046',37431,34204,NULL,'SpamOriginalFolder','PidLidSpamOriginalFolder'),(267,0,64,'00062008-0000-0000-c000-000000000046',37727,34208,NULL,'ToDoOrdinalDate','PidLidToDoOrdinalDate'),(268,0,31,'00062008-0000-0000-c000-000000000046',37728,34209,NULL,'ToDoSubOrdinal','PidLidToDoSubOrdinal'),(269,0,31,'00062008-0000-0000-c000-000000000046',37729,34212,NULL,'ToDoTitle','PidLidToDoTitle'),(270,0,31,'00062008-0000-0000-c000-000000000046',37939,34225,NULL,'InfoPathFormName','PidLidInfoPathFormName'),(271,0,11,'00062008-0000-0000-c000-000000000046',37945,34229,NULL,'Classified','PidLidClassified'),(272,0,31,'00062008-0000-0000-c000-000000000046',37946,34230,NULL,'Classification','PidLidClassification'),(273,0,31,'00062008-0000-0000-c000-000000000046',37947,34231,NULL,'ClassDesc','PidLidClassificationDescription'),(274,0,31,'00062008-0000-0000-c000-000000000046',37948,34232,NULL,'ClassGuid','PidLidClassificationGuid'),(275,0,11,'00062008-0000-0000-c000-000000000046',37950,34234,NULL,'ClassKeep','PidLidClassificationKeep'),(276,0,258,'00062008-0000-0000-c000-000000000046',37952,34237,NULL,'ReferenceEID','PidLidReferenceEntryId'),(277,0,64,'00062008-0000-0000-c000-000000000046',37954,34239,NULL,'ValidFlagStringProof','PidLidValidFlagStringProof'),(278,0,3,'00062008-0000-0000-c000-000000000046',37955,34240,NULL,'FlagStringEnum','PidLidFlagString'),(279,0,31,'0006200a-0000-0000-c000-000000000046',37558,34560,NULL,'LogType','PidLidLogType'),(280,0,64,'0006200a-0000-0000-c000-000000000046',37561,34566,NULL,'LogStart','PidLidLogStart'),(281,0,3,'0006200a-0000-0000-c000-000000000046',37563,34567,NULL,'LogDuration','PidLidLogDuration'),(282,0,64,'0006200a-0000-0000-c000-000000000046',37562,34568,NULL,'LogEnd','PidLidLogEnd'),(283,0,3,'0006200a-0000-0000-c000-000000000046',37564,34572,NULL,'LogFlags','PidLidLogFlags'),(284,0,11,'0006200a-0000-0000-c000-000000000046',37566,34574,NULL,'LogDocPrinted','PidLidDocumentPrinted'),(285,0,11,'0006200a-0000-0000-c000-000000000046',37567,34575,NULL,'LogDocSaved','PidLidDocumentSaved'),(286,0,11,'0006200a-0000-0000-c000-000000000046',37568,34576,NULL,'LogDocRouted','PidLidDocumentRouted'),(287,0,11,'0006200a-0000-0000-c000-000000000046',37569,34577,NULL,'LogDocPosted','PidLidDocumentPosted'),(288,0,31,'0006200a-0000-0000-c000-000000000046',37557,34578,NULL,'LogTypeDesc','PidLidLogTypeDesc'),(289,0,31,'00062041-0000-0000-c000-000000000046',37551,35072,NULL,'PostRssChannelLink','PidLidPostRssChannelLink'),(290,0,31,'00062041-0000-0000-c000-000000000046',37552,35073,NULL,'PostRssItemLink','PidLidPostRssItemLink'),(291,0,3,'00062041-0000-0000-c000-000000000046',37553,35074,NULL,'PostRssItemHash','PidLidPostRssItemHash'),(292,0,31,'00062041-0000-0000-c000-000000000046',37554,35075,NULL,'PostRssItemGuid','PidLidPostRssItemGuid'),(293,0,31,'00062041-0000-0000-c000-000000000046',37555,35076,NULL,'PostRssChannel','PidLidPostRssChannel'),(294,0,31,'00062041-0000-0000-c000-000000000046',37556,35077,NULL,'PostRssItemXml','PidLidPostRssItemXml'),(295,0,31,'00062041-0000-0000-c000-000000000046',37959,35078,NULL,'PostRssSubscription','PidLidPostRssSubscription'),(296,0,3,'00062040-0000-0000-c000-000000000046',37572,35328,NULL,'SharingStatus','PidLidSharingStatus'),(297,0,258,'00062040-0000-0000-c000-000000000046',37577,35329,NULL,'SharingProviderGuid','PidLidSharingProviderGuid'),(298,0,31,'00062040-0000-0000-c000-000000000046',37578,35330,NULL,'SharingProviderName','PidLidSharingProviderName'),(299,0,31,'00062040-0000-0000-c000-000000000046',37579,35331,NULL,'SharingProviderUrl','PidLidSharingProviderUrl'),(300,0,31,'00062040-0000-0000-c000-000000000046',37580,35332,NULL,'SharingRemotePath','PidLidSharingRemotePath'),(301,0,31,'00062040-0000-0000-c000-000000000046',37581,35333,NULL,'SharingRemoteName','PidLidSharingRemoteName'),(302,0,31,'00062040-0000-0000-c000-000000000046',37582,35334,NULL,'SharingRemoteUid','PidLidSharingRemoteUid'),(303,0,31,'00062040-0000-0000-c000-000000000046',37584,35335,NULL,'SharingInitiatorName','PidLidSharingInitiatorName'),(304,0,31,'00062040-0000-0000-c000-000000000046',37585,35336,NULL,'SharingInitiatorSmtp','PidLidSharingInitiatorSmtp'),(305,0,258,'00062040-0000-0000-c000-000000000046',37586,35337,NULL,'SharingInitiatorEid','PidLidSharingInitiatorEntryId'),(306,0,3,'00062040-0000-0000-c000-000000000046',37396,35338,NULL,'SharingFlags','PidLidSharingFlags'),(307,0,31,'00062040-0000-0000-c000-000000000046',37964,35339,NULL,'SharingProviderExtension','PidLidSharingProviderExtension'),(308,0,31,'00062040-0000-0000-c000-000000000046',38106,35340,NULL,'SharingRemoteUser','PidLidSharingRemoteUser'),(309,0,31,'00062040-0000-0000-c000-000000000046',37595,35341,NULL,'SharingRemotePass','PidLidSharingRemotePass'),(310,0,31,'00062040-0000-0000-c000-000000000046',37590,35342,NULL,'SharingLocalPath','PidLidSharingLocalPath'),(311,0,31,'00062040-0000-0000-c000-000000000046',37591,35343,NULL,'SharingLocalName','PidLidSharingLocalName'),(312,0,31,'00062040-0000-0000-c000-000000000046',37592,35344,NULL,'SharingLocalUid','PidLidSharingLocalUid'),(313,0,258,'00062040-0000-0000-c000-000000000046',37587,35347,NULL,'SharingFilter','PidLidSharingFilter'),(314,0,31,'00062040-0000-0000-c000-000000000046',37593,35348,NULL,'SharingLocalType','PidLidSharingLocalType'),(315,0,258,'00062040-0000-0000-c000-000000000046',37600,35349,NULL,'SharingFolderEid','PidLidSharingFolderEntryId'),(316,0,3,'00062040-0000-0000-c000-000000000046',37570,35351,NULL,'SharingCaps','PidLidSharingCapabilities'),(317,0,3,'00062040-0000-0000-c000-000000000046',37571,35352,NULL,'SharingFlavor','PidLidSharingFlavor'),(318,0,3,'00062040-0000-0000-c000-000000000046',37573,35353,NULL,'SharingAnonymity','PidLidSharingAnonymity'),(319,0,3,'00062040-0000-0000-c000-000000000046',37574,35354,NULL,'SharingReciprocation','PidLidSharingReciprocation'),(320,0,3,'00062040-0000-0000-c000-000000000046',37575,35355,NULL,'SharingPermissions','PidLidSharingPermissions'),(321,0,258,'00062040-0000-0000-c000-000000000046',37576,35356,NULL,'SharingInstanceGuid','PidLidSharingInstanceGuid'),(322,0,31,'00062040-0000-0000-c000-000000000046',37583,35357,NULL,'SharingRemoteType','PidLidSharingRemoteType'),(323,0,31,'00062040-0000-0000-c000-000000000046',37596,35358,NULL,'SharingParticipants','PidLidSharingParticipants'),(324,0,64,'00062040-0000-0000-c000-000000000046',37597,35359,NULL,'SharingLastSync','PidLidSharingLastSyncTime'),(325,0,31,'00062040-0000-0000-c000-000000000046',37599,35361,NULL,'SharingExtXml','PidLidSharingExtensionXml'),(326,0,64,'00062040-0000-0000-c000-000000000046',37603,35362,NULL,'SharingRemoteLastMod','PidLidSharingRemoteLastModificationTime'),(327,0,64,'00062040-0000-0000-c000-000000000046',37602,35363,NULL,'SharingLocalLastMod','PidLidSharingLocalLastModificationTime'),(328,0,31,'00062040-0000-0000-c000-000000000046',37604,35364,NULL,'SharingConfigUrl','PidLidSharingConfigurationUrl'),(329,0,64,'00062040-0000-0000-c000-000000000046',37889,35365,NULL,'SharingStart','PidLidSharingStart'),(330,0,64,'00062040-0000-0000-c000-000000000046',37890,35366,NULL,'SharingStop','PidLidSharingStop'),(331,0,3,'00062040-0000-0000-c000-000000000046',37961,35367,NULL,'SharingResponseType','PidLidSharingResponseType'),(332,0,64,'00062040-0000-0000-c000-000000000046',37962,35368,NULL,'SharingResponseTime','PidLidSharingResponseTime'),(333,0,258,'00062040-0000-0000-c000-000000000046',37963,35369,NULL,'SharingOriginalMessageEid','PidLidSharingOriginalMessageEntryId'),(334,0,3,'00062040-0000-0000-c000-000000000046',37960,35370,NULL,'SharingSyncInterval','PidLidSharingSyncInterval'),(335,0,3,'00062040-0000-0000-c000-000000000046',37881,35371,NULL,'SharingDetail','PidLidSharingDetail'),(336,0,3,'00062040-0000-0000-c000-000000000046',37894,35372,NULL,'SharingTimeToLive','PidLidSharingTimeToLive'),(337,0,258,'00062040-0000-0000-c000-000000000046',37896,35373,NULL,'SharingBindingEid','PidLidSharingBindingEntryId'),(338,0,258,'00062040-0000-0000-c000-000000000046',37897,35374,NULL,'SharingIndexEid','PidLidSharingIndexEntryId'),(339,0,31,'00062040-0000-0000-c000-000000000046',37886,35375,NULL,'SharingRemoteComment','PidLidSharingRemoteComment'),(340,0,64,'00062040-0000-0000-c000-000000000046',37898,35392,NULL,'SharingWorkingHoursStart','PidLidSharingWorkingHoursStart'),(341,0,64,'00062040-0000-0000-c000-000000000046',37899,35393,NULL,'SharingWorkingHoursEnd','PidLidSharingWorkingHoursEnd'),(342,0,3,'00062040-0000-0000-c000-000000000046',37900,35394,NULL,'SharingWorkingHoursDays','PidLidSharingWorkingHoursDay'),(343,0,258,'00062040-0000-0000-c000-000000000046',37901,35395,NULL,'SharingWorkingHoursTZ','PidLidSharingWorkingHoursTimeZone'),(344,0,64,'00062040-0000-0000-c000-000000000046',37902,35396,NULL,'SharingDataRangeStart','PidLidSharingDataRangeStart'),(345,0,64,'00062040-0000-0000-c000-000000000046',37903,35397,NULL,'SharingDataRangeEnd','PidLidSharingDataRangeEnd'),(346,0,3,'00062040-0000-0000-c000-000000000046',37904,35398,NULL,'SharingRangeStart','PidLidSharingRangeStart'),(347,0,3,'00062040-0000-0000-c000-000000000046',37905,35399,NULL,'SharingRangeEnd','PidLidSharingRangeEnd'),(348,0,31,'00062040-0000-0000-c000-000000000046',37883,35400,NULL,'SharingRemoteStoreUid','PidLidSharingRemoteStoreUid'),(349,0,31,'00062040-0000-0000-c000-000000000046',37891,35401,NULL,'SharingLocalStoreUid','PidLidSharingLocalStoreUid'),(350,0,3,'00062040-0000-0000-c000-000000000046',37887,35403,NULL,'SharingRemoteByteSize','PidLidSharingRemoteByteSize'),(351,0,3,'00062040-0000-0000-c000-000000000046',37885,35404,NULL,'SharingRemoteCrc','PidLidSharingRemoteCrc'),(352,0,31,'00062040-0000-0000-c000-000000000046',37892,35405,NULL,'SharingLocalComment','PidLidSharingLocalComment'),(353,0,3,'00062040-0000-0000-c000-000000000046',37906,35406,NULL,'SharingRoamLog','PidLidSharingRoamLog'),(354,0,3,'00062040-0000-0000-c000-000000000046',37888,35407,NULL,'SharingRemoteMsgCount','PidLidSharingRemoteMessageCount'),(355,0,31,'00062040-0000-0000-c000-000000000046',37882,35409,NULL,'SharingBrowseUrl','PidLidSharingBrowseUrl'),(356,0,64,'00062040-0000-0000-c000-000000000046',37893,35413,NULL,'SharingLastAutoSync','PidLidSharingLastAutoSyncTime'),(357,0,3,'00062040-0000-0000-c000-000000000046',37895,35414,NULL,'SharingTimeToLiveAuto','PidLidSharingTimeToLiveAuto'),(358,0,31,'00062040-0000-0000-c000-000000000046',37884,35419,NULL,'SharingRemoteVersion','PidLidSharingRemoteVersion'),(359,0,258,'00062040-0000-0000-c000-000000000046',37651,35420,NULL,'SharingParentBindingEid','PidLidSharingParentBindingEntryId'),(360,0,3,'00062040-0000-0000-c000-000000000046',37917,35424,NULL,'SharingSyncFlags','PidLidSharingSyncFlags'),(361,0,3,'0006200e-0000-0000-c000-000000000046',38057,35584,NULL,'NoteColor','PidLidNoteColor'),(362,0,3,'0006200e-0000-0000-c000-000000000046',37547,35586,NULL,'NoteWidth','PidLidNoteWidth'),(363,0,3,'0006200e-0000-0000-c000-000000000046',37548,35587,NULL,'NoteHeight','PidLidNoteHeight'),(364,0,3,'0006200e-0000-0000-c000-000000000046',37549,35588,NULL,'NoteX','PidLidNoteX'),(365,0,3,'0006200e-0000-0000-c000-000000000046',37550,35589,NULL,'NoteY','PidLidNoteY'),(366,0,4126,'00020329-0000-0000-c000-000000000046',37815,36864,NULL,'Categories','PidLidCategories'),(367,1,31,'00020329-0000-0000-c000-000000000046',37096,0,'AppName',NULL,'PidNameApplicationName'),(368,1,31,'00020329-0000-0000-c000-000000000046',37082,0,'Author',NULL,'PidNameAuthor'),(369,1,3,'00020329-0000-0000-c000-000000000046',37100,0,'ByteCount',NULL,'PidNameByteCount'),(370,1,31,'00020329-0000-0000-c000-000000000046',37098,0,'Category',NULL,'PidNameCategory'),(371,1,3,'00020329-0000-0000-c000-000000000046',37094,0,'CharCount',NULL,'PidNameCharacterCount'),(372,1,31,'00020329-0000-0000-c000-000000000046',37084,0,'Comments',NULL,'PidNameComments'),(373,1,31,'00020329-0000-0000-c000-000000000046',37111,0,'Company',NULL,'PidNameCompany'),(374,1,64,'00020329-0000-0000-c000-000000000046',37090,0,'CreateDtmRo',NULL,'PidNameCreateDateTimeReadOnly'),(375,1,4354,'00020329-0000-0000-c000-000000000046',37744,0,'DRMLicense',NULL,'PidNameRightsManagementLicense'),(376,1,31,'00020329-0000-0000-c000-000000000046',37088,0,'EditTime',NULL,'PidNameEditTime'),(377,1,3,'00020329-0000-0000-c000-000000000046',37105,0,'HiddenCount',NULL,'PidNameHiddenCount'),(378,1,4126,'00020329-0000-0000-c000-000000000046',37083,0,'Keywords',NULL,'PidNameKeywords'),(379,1,31,'00020329-0000-0000-c000-000000000046',37086,0,'LastAuthor',NULL,'PidNameLastAuthor'),(380,1,64,'00020329-0000-0000-c000-000000000046',37089,0,'LastPrinted',NULL,'PidNameLastPrinted'),(381,1,64,'00020329-0000-0000-c000-000000000046',37091,0,'LastSaveDtm',NULL,'PidNameLastSaveDateTime'),(382,1,3,'00020329-0000-0000-c000-000000000046',37101,0,'LineCount',NULL,'PidNameLineCount'),(383,1,31,'00020329-0000-0000-c000-000000000046',37110,0,'Manager',NULL,'PidNameManager'),(384,1,3,'00020329-0000-0000-c000-000000000046',37106,0,'MMClipCount',NULL,'PidNameMultimediaClipCount'),(385,1,3,'00020329-0000-0000-c000-000000000046',37104,0,'NoteCount',NULL,'PidNameNoteCount'),(386,1,3,'00020329-0000-0000-c000-000000000046',37743,0,'http://schemas.microsoft.com/outlook/phishingstamp',NULL,'PidNamePhishingStamp'),(387,1,3,'00020329-0000-0000-c000-000000000046',38182,0,'http://schemas.microsoft.com/outlook/spoofingstamp',NULL,'PidNameSpoofingStamp'),(388,1,3,'00020329-0000-0000-c000-000000000046',37092,0,'PageCount',NULL,'PidNamePageCount'),(389,1,3,'00020329-0000-0000-c000-000000000046',37102,0,'ParCount',NULL,'PidNameParagraphCount'),(390,1,31,'00020329-0000-0000-c000-000000000046',37099,0,'PresFormat',NULL,'PidNamePresentationFormat'),(391,1,3,'00020329-0000-0000-c000-000000000046',37097,0,'Security',NULL,'PidNameSecurity'),(392,1,3,'00020329-0000-0000-c000-000000000046',37103,0,'SlideCount',NULL,'PidNameSlideCount'),(393,1,1,'00020329-0000-0000-c000-000000000046',38177,0,'STS_Id',NULL,'PidNameSTSId'),(394,1,31,'00020329-0000-0000-c000-000000000046',37081,0,'Subject',NULL,'PidNameSubject'),(395,1,31,'00020329-0000-0000-c000-000000000046',37085,0,'Template',NULL,'PidNameTemplate'),(396,1,31,'00020329-0000-0000-c000-000000000046',37080,0,'Title',NULL,'PidNameTitle'),(397,1,3,'00020329-0000-0000-c000-000000000046',37093,0,'WordCount',NULL,'PidNameWordCount'),(398,1,11,'00020329-0000-0000-c000-000000000046',37095,0,'urn:schemas-microsoft-com:office:outlook#storetypeprivate',NULL,'NULL'),(399,1,11,'00020329-0000-0000-c000-000000000046',37097,0,'urn:schemas-microsoft-com:office:outlook#noaclui',NULL,'NULL'),(400,1,31,'00020386-0000-0000-c000-000000000046',36950,0,'Approved',NULL,'PidNameApproved'),(401,1,31,'00020386-0000-0000-c000-000000000046',36951,0,'Bcc',NULL,'PidNameBcc'),(402,1,31,'00020386-0000-0000-c000-000000000046',36952,0,'Cc',NULL,'PidNameCc'),(403,1,31,'00020386-0000-0000-c000-000000000046',36929,0,'Content-Class',NULL,'PidNameContentClass'),(404,1,31,'00020386-0000-0000-c000-000000000046',36955,0,'Content-Disposition',NULL,'PidNameContentDisposition'),(405,1,31,'00020386-0000-0000-c000-000000000046',36956,0,'Content-ID',NULL,'PidNameContentID'),(406,1,31,'00020386-0000-0000-c000-000000000046',36957,0,'Content-Language',NULL,'PidNameContentLanguage'),(407,1,31,'00020386-0000-0000-c000-000000000046',36958,0,'Content-Location',NULL,'PidNameContentLocation'),(408,1,31,'00020386-0000-0000-c000-000000000046',36959,0,'Content-Transfer-Encoding',NULL,'PidNameContentTransferEncoding'),(409,1,31,'00020386-0000-0000-c000-000000000046',36954,0,'Content-Type',NULL,'PidNameContentType'),(410,1,31,'00020386-0000-0000-c000-000000000046',37001,0,'Xref',NULL,'PidNameCrossReference'),(411,1,31,'00020386-0000-0000-c000-000000000046',38170,0,'X-MS-Exchange-Organization-AuthDomain',NULL,'PidNameXMSExchangeOrganizationAuthdomain'),(412,1,31,'00020386-0000-0000-c000-000000000046',37987,0,'X-Sharing-Browse-Url',NULL,'PidNameXSharingBrowseUrl'),(413,1,31,'00020386-0000-0000-c000-000000000046',37975,0,'X-Sharing-Capabilities',NULL,'PidNameXSharingCapabilities'),(414,1,31,'00020386-0000-0000-c000-000000000046',37986,0,'X-Sharing-Config-Url',NULL,'PidNameXSharingConfigUrl'),(415,1,31,'00020386-0000-0000-c000-000000000046',37976,0,'X-Sharing-Flavor',NULL,'PidNameXSharingFlavor'),(416,1,31,'00020386-0000-0000-c000-000000000046',37977,0,'X-Sharing-Instance-Guid',NULL,'PidNameXSharingInstanceGuid'),(417,1,31,'00020386-0000-0000-c000-000000000046',37988,0,'X-Sharing-Local-Type',NULL,'PidNameXSharingLocalType'),(418,1,31,'00020386-0000-0000-c000-000000000046',37978,0,'X-Sharing-Provider-Guid',NULL,'PidNameXSharingProviderGuid'),(419,1,31,'00020386-0000-0000-c000-000000000046',37979,0,'X-Sharing-Provider-Name',NULL,'PidNameXSharingProviderName'),(420,1,31,'00020386-0000-0000-c000-000000000046',37980,0,'X-Sharing-Provider-Url',NULL,'PidNameXSharingProviderUrl'),(421,1,31,'00020386-0000-0000-c000-000000000046',37982,0,'X-Sharing-Remote-Name',NULL,'PidNameXSharingRemoteName'),(422,1,31,'00020386-0000-0000-c000-000000000046',37981,0,'X-Sharing-Remote-Path',NULL,'PidNameXSharingRemotePath'),(423,1,31,'00020386-0000-0000-c000-000000000046',37984,0,'X-Sharing-Remote-Store-Uid',NULL,'PidNameXSharingRemoteStoreUid'),(424,1,31,'00020386-0000-0000-c000-000000000046',37985,0,'X-Sharing-Remote-Type',NULL,'PidNameXSharingRemoteType'),(425,1,31,'00020386-0000-0000-c000-000000000046',33887,0,'X-Sharing-Remote-Uid',NULL,'PidNameXSharingRemoteUid'),(426,1,31,'00020386-0000-0000-c000-000000000046',38163,0,'X-Sieve',NULL,'PidNameXSieve'),(427,1,31,'00020386-0000-0000-c000-000000000046',38164,0,'X-Virus-Scanned',NULL,'PidNameXVirusScanned'),(428,0,3,'11000e07-b51b-40d6-af21-caa85edab1d0',38388,21,NULL,'ClientIntent','PidLidClientIntent'),(429,0,11,'11000e07-b51b-40d6-af21-caa85edab1d0',38389,34252,NULL,'ServerProcessed','PidLidServerProcessed'),(430,0,3,'11000e07-b51b-40d6-af21-caa85edab1d0',38390,34253,NULL,'ServerProcessingActions','PidLidServerProcessingActions'),(431,0,3,'00062014-0000-0000-c000-000000000046',38134,36613,NULL,'RemoteTransferSize','PidLidRemoteTransferSize'),(432,0,11,'00062014-0000-0000-c000-000000000046',38135,36615,NULL,'RemoteAttachment','PidLidRemoteAttachment'),(433,0,3,'00062008-0000-0000-c000-000000000046',38107,34128,NULL,'LID_UNKNOWN_PROPERTY_8550','PidLidUnknownProperty8550'),(434,0,3,'00062008-0000-0000-c000-000000000046',38108,34129,NULL,'LID_UNKNOWN_PROPERTY_8551','PidLidUnknownProperty8551'),(435,0,11,'00062008-0000-0000-c000-000000000046',38109,34069,NULL,'LID_UNKNOWN_PROPERTY_8515','PidLidUnknownProperty8515'),(436,0,3,'00062008-0000-0000-c000-000000000046',38110,34114,NULL,'LID_UNKNOWN_PROPERTY_8542','PidLidUnknownProperty8542'),(437,0,258,'00062008-0000-0000-c000-000000000046',38112,34075,NULL,'LID_UNKNOWN_PROPERTY_851b','PidLidUnknownProperty851b'),(438,0,258,'00062008-0000-0000-c000-000000000046',38113,34067,NULL,'LID_UNKNOWN_PROPERTY_8513','PidLidUnknownProperty8513'),(439,0,258,'00062008-0000-0000-c000-000000000046',38114,34112,NULL,'LID_UNKNOWN_PROPERTY_8540','PidLidUnknownProperty8540'),(440,0,64,'00062008-0000-0000-c000-000000000046',38116,34121,NULL,'LID_UNKNOWN_PROPERTY_8549','PidLidUnknownProperty8549'),(441,0,31,'00062008-0000-0000-c000-000000000046',38119,34179,NULL,'LID_UNKNOWN_PROPERTY_8583','PidLidUnknownProperty8583'),(442,0,11,'00062008-0000-0000-c000-000000000046',38120,34188,NULL,'LID_UNKNOWN_PROPERTY_858c','PidLidUnknownProperty858c'),(443,0,31,'00062008-0000-0000-c000-000000000046',38121,34190,NULL,'LID_UNKNOWN_PROPERTY_858e','PidLidUnknownProperty858e'),(444,0,31,'00062008-0000-0000-c000-000000000046',38122,34191,NULL,'LID_UNKNOWN_PROPERTY_858f','PidLidUnknownProperty858f'),(445,0,3,'00062008-0000-0000-c000-000000000046',38123,34195,NULL,'LID_UNKNOWN_PROPERTY_8593','PidLidUnknownProperty8593'),(446,0,11,'00062008-0000-0000-c000-000000000046',38124,34192,NULL,'LID_UNKNOWN_PROPERTY_8590','PidLidUnknownProperty8590'),(447,0,4354,'00062008-0000-0000-c000-000000000046',38125,34197,NULL,'LID_UNKNOWN_PROPERTY_8595','PidLidUnknownProperty8595'),(448,0,3,'00062008-0000-0000-c000-000000000046',38126,34199,NULL,'LID_UNKNOWN_PROPERTY_8597','PidLidUnknownProperty8597'),(449,0,31,'00062008-0000-0000-c000-000000000046',38127,34193,NULL,'LID_UNKNOWN_PROPERTY_8591','PidLidUnknownProperty8591'),(450,0,31,'00062008-0000-0000-c000-000000000046',38128,34198,NULL,'LID_UNKNOWN_PROPERTY_8596','PidLidUnknownProperty8596'),(451,0,3,'00062008-0000-0000-c000-000000000046',38129,34202,NULL,'LID_UNKNOWN_PROPERTY_859a','PidLidUnknownProperty859a'),(452,0,11,'00062008-0000-0000-c000-000000000046',38130,34203,NULL,'LID_UNKNOWN_PROPERTY_859b','PidLidUnknownProperty859b'),(453,0,1,'00062008-0000-0000-c000-000000000046',38176,34207,NULL,'LID_UNKNOWN_PROPERTY_859f','PidLidUnknownProperty859f'),(454,0,1,'00062008-0000-0000-c000-000000000046',38178,34226,NULL,'LID_UNKNOWN_PROPERTY_85b2','PidLidUnknownProperty85b2'),(455,0,1,'00062008-0000-0000-c000-000000000046',38179,34227,NULL,'LID_UNKNOWN_PROPERTY_85b3','PidLidUnknownProperty85b3'),(456,0,1,'00062008-0000-0000-c000-000000000046',38180,34233,NULL,'LID_UNKNOWN_PROPERTY_85b9','PidLidUnknownProperty85b9'),(457,0,1,'00062008-0000-0000-c000-000000000046',38181,34236,NULL,'LID_UNKNOWN_PROPERTY_85bc','PidLidUnknownProperty85bc'),(458,0,1,'00062008-0000-0000-c000-000000000046',38183,34238,NULL,'LID_UNKNOWN_PROPERTY_85be','PidLidUnknownProperty85be'),(459,0,1,'00062008-0000-0000-c000-000000000046',38184,34241,NULL,'LID_UNKNOWN_PROPERTY_85c1','PidLidUnknownProperty85c1'),(460,0,1,'00062008-0000-0000-c000-000000000046',38185,34242,NULL,'LID_UNKNOWN_PROPERTY_85c2','PidLidUnknownProperty85c2'),(461,0,1,'00062008-0000-0000-c000-000000000046',38186,34243,NULL,'LID_UNKNOWN_PROPERTY_85c3','PidLidUnknownProperty85c3'),(462,0,31,'00062008-0000-0000-c000-000000000046',38133,34189,NULL,'LID_UNKNOWN_PROPERTY_858d','PidLidUnknownProperty858d'),(463,0,1,'00062008-0000-0000-c000-000000000046',38111,34063,NULL,'LID_UNKNOWN_PROPERTY_850f','PidLidUnknownProperty850f'),(464,0,1,'00062008-0000-0000-c000-000000000046',38115,34113,NULL,'LID_UNKNOWN_PROPERTY_8541','PidLidUnknownProperty8541'),(465,0,1,'00062002-0000-0000-c000-000000000046',38136,33341,NULL,'LID_UNKNOWN_PROPERTY_823d','PidLidUnknownProperty823d'),(466,0,1,'6ed8da90-450b-101b-98da-00aa003f1305',38137,33,NULL,'LID_UNKNOWN_PROPERTY_0021','PidLidUnknownProperty0021'),(467,0,1,'6ed8da90-450b-101b-98da-00aa003f1305',38138,21,NULL,'LID_UNKNOWN_PROPERTY_0015','PidLidUnknownProperty0015'),(468,0,1,'6ed8da90-450b-101b-98da-00aa003f1305',38139,22,NULL,'LID_UNKNOWN_PROPERTY_0016','PidLidUnknownProperty0016'),(469,0,1,'6ed8da90-450b-101b-98da-00aa003f1305',38140,25,NULL,'LID_UNKNOWN_PROPERTY_0019','PidLidUnknownProperty0019'),(470,0,1,'00062003-0000-0000-c000-000000000046',38141,33067,NULL,'LID_UNKNOWN_PROPERTY_812b','PidLidUnknownProperty812b'),(471,0,1,'00062003-0000-0000-c000-000000000046',38142,33071,NULL,'LID_UNKNOWN_PROPERTY_812f','PidLidUnknownProperty812f'),(472,0,1,'00062003-0000-0000-c000-000000000046',38143,33053,NULL,'LID_UNKNOWN_PROPERTY_811d','PidLidUnknownProperty811d'),(473,0,1,'00062003-0000-0000-c000-000000000046',38172,33079,NULL,'LID_UNKNOWN_PROPERTY_8137','PidLidUnknownProperty8137'),(474,0,1,'00062003-0000-0000-c000-000000000046',38173,33080,NULL,'LID_UNKNOWN_PROPERTY_8138','PidLidUnknownProperty8138'),(475,0,1,'00062003-0000-0000-c000-000000000046',38174,33074,NULL,'LID_UNKNOWN_PROPERTY_8132','PidLidUnknownProperty8132'),(476,0,1,'00062003-0000-0000-c000-000000000046',38175,33076,NULL,'LID_UNKNOWN_PROPERTY_8134','PidLidUnknownProperty8134'),(477,0,1,'00062004-0000-0000-c000-000000000046',38144,32779,NULL,'LID_UNKNOWN_PROPERTY_800b','PidLidUnknownProperty800b'),(478,0,1,'00062004-0000-0000-c000-000000000046',38145,32810,NULL,'LID_UNKNOWN_PROPERTY_802a','PidLidUnknownProperty802a'),(479,0,1,'00062004-0000-0000-c000-000000000046',38146,32790,NULL,'LID_UNKNOWN_PROPERTY_8016','PidLidUnknownProperty8016'),(480,0,1,'00062004-0000-0000-c000-000000000046',38171,32835,NULL,'LID_UNKNOWN_PROPERTY_8043','PidLidUnknownProperty8043'),(481,0,1,'00062004-0000-0000-c000-000000000046',38147,32897,NULL,'LID_UNKNOWN_PROPERTY_8081','PidLidUnknownProperty8081'),(482,0,1,'00062004-0000-0000-c000-000000000046',38148,32944,NULL,'LID_UNKNOWN_PROPERTY_80b0','PidLidUnknownProperty80b0'),(483,0,1,'00062004-0000-0000-c000-000000000046',38149,32945,NULL,'LID_UNKNOWN_PROPERTY_80b1','PidLidUnknownProperty80b1'),(484,0,1,'00062004-0000-0000-c000-000000000046',38150,32950,NULL,'LID_UNKNOWN_PROPERTY_80b6','PidLidUnknownProperty80b6'),(485,0,1,'00062004-0000-0000-c000-000000000046',38151,32960,NULL,'LID_UNKNOWN_PROPERTY_80c0','PidLidUnknownProperty80c0'),(486,0,1,'00062004-0000-0000-c000-000000000046',38152,32961,NULL,'LID_UNKNOWN_PROPERTY_80c1','PidLidUnknownProperty80c1'),(487,0,1,'00062004-0000-0000-c000-000000000046',38153,32966,NULL,'LID_UNKNOWN_PROPERTY_80c6','PidLidUnknownProperty80c6'),(488,0,1,'00062004-0000-0000-c000-000000000046',38154,32976,NULL,'LID_UNKNOWN_PROPERTY_80d0','PidLidUnknownProperty80d0'),(489,0,1,'00062004-0000-0000-c000-000000000046',38155,32977,NULL,'LID_UNKNOWN_PROPERTY_80d1','PidLidUnknownProperty80d1'),(490,0,1,'00062004-0000-0000-c000-000000000046',38156,32982,NULL,'LID_UNKNOWN_PROPERTY_80d6','PidLidUnknownProperty80d6'),(491,0,1,'00062004-0000-0000-c000-000000000046',38157,32857,NULL,'LID_UNKNOWN_PROPERTY_8059','PidLidUnknownProperty8059'),(492,0,1,'00062004-0000-0000-c000-000000000046',38158,32854,NULL,'LID_UNKNOWN_PROPERTY_8056','PidLidUnknownProperty8056'),(493,0,1,'00062004-0000-0000-c000-000000000046',38159,32855,NULL,'LID_UNKNOWN_PROPERTY_8057','PidLidUnknownProperty8057'),(494,0,1,'00062004-0000-0000-c000-000000000046',38160,32856,NULL,'LID_UNKNOWN_PROPERTY_8058','PidLidUnknownProperty8058'),(495,0,1,'00062004-0000-0000-c000-000000000046',38161,32985,NULL,'LID_UNKNOWN_PROPERTY_80d9','PidLidUnknownProperty80d9'),(496,0,1,'00062004-0000-0000-c000-000000000046',38162,32843,NULL,'LID_UNKNOWN_PROPERTY_804b','PidLidUnknownProperty804b'),(497,0,1,'00062014-0000-0000-c000-000000000046',38165,36609,NULL,'LID_UNKNOWN_PROPERTY_8f01','PidLidUnknownProperty8f01'),(498,0,1,'00062014-0000-0000-c000-000000000046',38166,36614,NULL,'LID_UNKNOWN_PROPERTY_8f06','PidLidUnknownProperty8f06'),(499,0,1,'00062014-0000-0000-c000-000000000046',38167,36611,NULL,'LID_UNKNOWN_PROPERTY_8f03','PidLidUnknownProperty8f03'),(500,0,1,'00062014-0000-0000-c000-000000000046',38168,36612,NULL,'LID_UNKNOWN_PROPERTY_8f04','PidLidUnknownProperty8f04'),(501,0,1,'00062008-0000-0000-c000-000000000046',38169,34216,NULL,'LID_UNKNOWN_PROPERTY_85a8','PidLidUnknownProperty85a8'),(502,0,11,'0006200b-0000-0000-c000-000000000046',38131,34824,NULL,'LID_UNKNOWN_PROPERTY_8808','PidLidUnknownProperty8808'),(503,0,3,'0006200b-0000-0000-c000-000000000046',38132,34825,NULL,'LID_UNKNOWN_PROPERTY_8809','PidLidUnknownProperty8809'),(504,0,1,'11000e07-b51b-40d6-af21-caa85edab1d0',38187,1,NULL,'LID_UNKNOWN_PROPERTY_0001','PidLidUnknownProperty0001'),(505,0,1,'11000e07-b51b-40d6-af21-caa85edab1d0',38188,3,NULL,'LID_UNKNOWN_PROPERTY_0003','PidLidUnknownProperty0003'),(506,0,1,'00062040-0000-0000-c000-000000000046',38189,35422,NULL,'LID_UNKNOWN_PROPERTY_8a5e','PidLidUnknownProperty8a5e'),(507,0,1,'00062040-0000-0000-c000-000000000046',38190,35376,NULL,'LID_UNKNOWN_PROPERTY_8a30','PidLidUnknownProperty8a30'),(508,0,1,'00062040-0000-0000-c000-000000000046',38191,35377,NULL,'LID_UNKNOWN_PROPERTY_8a31','PidLidUnknownProperty8a31'),(509,0,1,'00062040-0000-0000-c000-000000000046',38192,35379,NULL,'LID_UNKNOWN_PROPERTY_8a33','PidLidUnknownProperty8a33'),(510,0,1,'00062040-0000-0000-c000-000000000046',38193,35378,NULL,'LID_UNKNOWN_PROPERTY_8a32','PidLidUnknownProperty8a32'),(511,0,1,'00062040-0000-0000-c000-000000000046',38194,35415,NULL,'LID_UNKNOWN_PROPERTY_8a57','PidLidUnknownProperty8a57'),(512,0,1,'00062040-0000-0000-c000-000000000046',38195,35425,NULL,'LID_UNKNOWN_PROPERTY_8a61','PidLidUnknownProperty8a61'),(513,0,1,'00062040-0000-0000-c000-000000000046',38196,35426,NULL,'LID_UNKNOWN_PROPERTY_8a62','PidLidUnknownProperty8a62'),(514,0,1,'00062040-0000-0000-c000-000000000046',38197,35418,NULL,'LID_UNKNOWN_PROPERTY_8a5a','PidLidUnknownProperty8a5a'),(515,0,1,'00062040-0000-0000-c000-000000000046',38198,35421,NULL,'LID_UNKNOWN_PROPERTY_8a5d','PidLidUnknownProperty8a5d'),(516,0,1,'00062040-0000-0000-c000-000000000046',38199,35423,NULL,'LID_UNKNOWN_PROPERTY_8a5f','PidLidUnknownProperty8a5f'),(517,0,1,'00062040-0000-0000-c000-000000000046',38200,35428,NULL,'LID_UNKNOWN_PROPERTY_8a64','PidLidUnknownProperty8a64'),(518,0,1,'00062040-0000-0000-c000-000000000046',38201,35360,NULL,'LID_UNKNOWN_PROPERTY_8a20','PidLidUnknownProperty8a20'),(519,0,1,'00062004-0000-0000-c000-000000000046',38202,32780,NULL,'LID_UNKNOWN_PROPERTY_800c','PidLidUnknownProperty800c'),(520,0,1,'00062004-0000-0000-c000-000000000046',38203,32791,NULL,'LID_UNKNOWN_PROPERTY_8017','PidLidUnknownProperty8017'),(521,0,1,'00062004-0000-0000-c000-000000000046',38204,32792,NULL,'LID_UNKNOWN_PROPERTY_8018','PidLidUnknownProperty8018'),(522,0,1,'00062004-0000-0000-c000-000000000046',38205,32793,NULL,'LID_UNKNOWN_PROPERTY_8019','PidLidUnknownProperty8019'),(523,0,1,'00062004-0000-0000-c000-000000000046',38206,32770,NULL,'LID_UNKNOWN_PROPERTY_8002','PidLidUnknownProperty8002'),(524,0,1,'00062004-0000-0000-c000-000000000046',38207,32872,NULL,'LID_UNKNOWN_PROPERTY_8068','PidLidUnknownProperty8068'),(525,0,1,'00062004-0000-0000-c000-000000000046',38208,32873,NULL,'LID_UNKNOWN_PROPERTY_8069','PidLidUnknownProperty8069'),(526,0,1,'00062004-0000-0000-c000-000000000046',38209,32884,NULL,'LID_UNKNOWN_PROPERTY_8074','PidLidUnknownProperty8074'),(527,0,1,'00062004-0000-0000-c000-000000000046',38210,32776,NULL,'LID_UNKNOWN_PROPERTY_8008','PidLidUnknownProperty8008'),(528,0,1,'00062004-0000-0000-c000-000000000046',38211,32777,NULL,'LID_UNKNOWN_PROPERTY_8009','PidLidUnknownProperty8009'),(529,0,1,'00062004-0000-0000-c000-000000000046',38212,32778,NULL,'LID_UNKNOWN_PROPERTY_800a','PidLidUnknownProperty800a'),(530,0,1,'00062004-0000-0000-c000-000000000046',38213,32874,NULL,'LID_UNKNOWN_PROPERTY_806a','PidLidUnknownProperty806a'),(531,0,1,'00062004-0000-0000-c000-000000000046',38214,32886,NULL,'LID_UNKNOWN_PROPERTY_8076','PidLidUnknownProperty8076'),(532,0,1,'00062004-0000-0000-c000-000000000046',38215,32875,NULL,'LID_UNKNOWN_PROPERTY_806b','PidLidUnknownProperty806b'),(533,0,1,'00062004-0000-0000-c000-000000000046',38216,32887,NULL,'LID_UNKNOWN_PROPERTY_8077','PidLidUnknownProperty8077'),(534,0,1,'00062004-0000-0000-c000-000000000046',38217,32876,NULL,'LID_UNKNOWN_PROPERTY_806c','PidLidUnknownProperty806c'),(535,0,1,'00062004-0000-0000-c000-000000000046',38218,32888,NULL,'LID_UNKNOWN_PROPERTY_8078','PidLidUnknownProperty8078'),(536,0,1,'00062004-0000-0000-c000-000000000046',38219,32877,NULL,'LID_UNKNOWN_PROPERTY_806d','PidLidUnknownProperty806d'),(537,0,1,'00062004-0000-0000-c000-000000000046',38220,32889,NULL,'LID_UNKNOWN_PROPERTY_8079','PidLidUnknownProperty8079'),(538,0,1,'00062004-0000-0000-c000-000000000046',38221,32878,NULL,'LID_UNKNOWN_PROPERTY_806e','PidLidUnknownProperty806e'),(539,0,1,'00062004-0000-0000-c000-000000000046',38222,32890,NULL,'LID_UNKNOWN_PROPERTY_807a','PidLidUnknownProperty807a'),(540,0,1,'00062004-0000-0000-c000-000000000046',38223,32879,NULL,'LID_UNKNOWN_PROPERTY_806f','PidLidUnknownProperty806f'),(541,0,1,'00062004-0000-0000-c000-000000000046',38224,32891,NULL,'LID_UNKNOWN_PROPERTY_807b','PidLidUnknownProperty807b'),(542,0,1,'00062004-0000-0000-c000-000000000046',38225,32880,NULL,'LID_UNKNOWN_PROPERTY_8070','PidLidUnknownProperty8070'),(543,0,1,'00062004-0000-0000-c000-000000000046',38226,32892,NULL,'LID_UNKNOWN_PROPERTY_807c','PidLidUnknownProperty807c'),(544,0,1,'00062004-0000-0000-c000-000000000046',38227,32881,NULL,'LID_UNKNOWN_PROPERTY_8071','PidLidUnknownProperty8071'),(545,0,1,'00062004-0000-0000-c000-000000000046',38228,32893,NULL,'LID_UNKNOWN_PROPERTY_807d','PidLidUnknownProperty807d'),(546,0,1,'00062004-0000-0000-c000-000000000046',38229,32919,NULL,'LID_UNKNOWN_PROPERTY_8097','PidLidUnknownProperty8097'),(547,0,1,'00062004-0000-0000-c000-000000000046',38230,32935,NULL,'LID_UNKNOWN_PROPERTY_80a7','PidLidUnknownProperty80a7'),(548,0,1,'00062004-0000-0000-c000-000000000046',38231,32951,NULL,'LID_UNKNOWN_PROPERTY_80b7','PidLidUnknownProperty80b7'),(549,0,1,'00062004-0000-0000-c000-000000000046',38232,32967,NULL,'LID_UNKNOWN_PROPERTY_80c7','PidLidUnknownProperty80c7'),(550,0,1,'00062004-0000-0000-c000-000000000046',38233,32983,NULL,'LID_UNKNOWN_PROPERTY_80d7','PidLidUnknownProperty80d7'),(551,0,1,'00062004-0000-0000-c000-000000000046',38234,32816,NULL,'LID_UNKNOWN_PROPERTY_8030','PidLidUnknownProperty8030'),(552,0,1,'00062004-0000-0000-c000-000000000046',38235,32817,NULL,'LID_UNKNOWN_PROPERTY_8031','PidLidUnknownProperty8031'),(553,0,1,'00062004-0000-0000-c000-000000000046',38236,32818,NULL,'LID_UNKNOWN_PROPERTY_8032','PidLidUnknownProperty8032'),(554,0,1,'00062004-0000-0000-c000-000000000046',38237,32819,NULL,'LID_UNKNOWN_PROPERTY_8033','PidLidUnknownProperty8033'),(555,0,1,'00062004-0000-0000-c000-000000000046',38238,32820,NULL,'LID_UNKNOWN_PROPERTY_8034','PidLidUnknownProperty8034'),(556,0,1,'00062004-0000-0000-c000-000000000046',38239,32821,NULL,'LID_UNKNOWN_PROPERTY_8035','PidLidUnknownProperty8035'),(557,0,1,'00062004-0000-0000-c000-000000000046',38240,32822,NULL,'LID_UNKNOWN_PROPERTY_8036','PidLidUnknownProperty8036'),(558,0,1,'00062004-0000-0000-c000-000000000046',38241,32824,NULL,'LID_UNKNOWN_PROPERTY_8038','PidLidUnknownProperty8038'),(559,0,1,'00062004-0000-0000-c000-000000000046',38242,32823,NULL,'LID_UNKNOWN_PROPERTY_8037','PidLidUnknownProperty8037'),(560,0,1,'00062004-0000-0000-c000-000000000046',38243,32861,NULL,'LID_UNKNOWN_PROPERTY_805d','PidLidUnknownProperty805d'),(561,0,1,'00062004-0000-0000-c000-000000000046',38244,32862,NULL,'LID_UNKNOWN_PROPERTY_805e','PidLidUnknownProperty805e'),(562,0,1,'00062004-0000-0000-c000-000000000046',38245,32863,NULL,'LID_UNKNOWN_PROPERTY_805f','PidLidUnknownProperty805f'),(563,0,1,'00062004-0000-0000-c000-000000000046',38246,32864,NULL,'LID_UNKNOWN_PROPERTY_8060','PidLidUnknownProperty8060'),(564,0,1,'00062004-0000-0000-c000-000000000046',38247,32769,NULL,'LID_UNKNOWN_PROPERTY_8001','PidLidUnknownProperty8001'),(565,0,1,'00062004-0000-0000-c000-000000000046',38248,32860,NULL,'LID_UNKNOWN_PROPERTY_805c','PidLidUnknownProperty805c'),(566,0,1,'00062004-0000-0000-c000-000000000046',38249,32859,NULL,'LID_UNKNOWN_PROPERTY_805b','PidLidUnknownProperty805b'),(567,0,1,'00062004-0000-0000-c000-000000000046',38250,32865,NULL,'LID_UNKNOWN_PROPERTY_8061','PidLidUnknownProperty8061'),(568,0,1,'00062002-0000-0000-c000-000000000046',38251,33362,NULL,'LID_UNKNOWN_PROPERTY_8252','PidLidUnknownProperty8252'),(569,0,1,'00062002-0000-0000-c000-000000000046',38252,33363,NULL,'LID_UNKNOWN_PROPERTY_8253','PidLidUnknownProperty8253'),(570,0,1,'00062002-0000-0000-c000-000000000046',38253,33364,NULL,'LID_UNKNOWN_PROPERTY_8254','PidLidUnknownProperty8254'),(571,0,1,'00062002-0000-0000-c000-000000000046',38254,33365,NULL,'LID_UNKNOWN_PROPERTY_8255','PidLidUnknownProperty8255'),(572,0,1,'00062002-0000-0000-c000-000000000046',38255,33371,NULL,'LID_UNKNOWN_PROPERTY_825b','PidLidUnknownProperty825b'),(573,0,1,'00062002-0000-0000-c000-000000000046',38256,33319,NULL,'LID_UNKNOWN_PROPERTY_8227','PidLidUnknownProperty8227'),(574,0,1,'00062002-0000-0000-c000-000000000046',38257,33343,NULL,'LID_UNKNOWN_PROPERTY_823f','PidLidUnknownProperty823f'),(575,0,1,'00062002-0000-0000-c000-000000000046',38258,33322,NULL,'LID_UNKNOWN_PROPERTY_822a','PidLidUnknownProperty822a'),(576,0,1,'00062008-0000-0000-c000-000000000046',38259,34107,NULL,'LID_UNKNOWN_PROPERTY_853b','PidLidUnknownProperty853b'),(577,0,1,'00062008-0000-0000-c000-000000000046',38260,34108,NULL,'LID_UNKNOWN_PROPERTY_853c','PidLidUnknownProperty853c'),(578,0,1,'00062008-0000-0000-c000-000000000046',38261,34183,NULL,'LID_UNKNOWN_PROPERTY_8587','PidLidUnknownProperty8587'),(579,0,1,'00062008-0000-0000-c000-000000000046',38262,34110,NULL,'LID_UNKNOWN_PROPERTY_853e','PidLidUnknownProperty853e'),(580,0,1,'00062008-0000-0000-c000-000000000046',38263,34184,NULL,'LID_UNKNOWN_PROPERTY_8588','PidLidUnknownProperty8588'),(581,0,1,'00062008-0000-0000-c000-000000000046',38264,34185,NULL,'LID_UNKNOWN_PROPERTY_8589','PidLidUnknownProperty8589'),(582,0,1,'00062008-0000-0000-c000-000000000046',38265,34186,NULL,'LID_UNKNOWN_PROPERTY_858a','PidLidUnknownProperty858a'),(583,0,1,'00062008-0000-0000-c000-000000000046',38266,34161,NULL,'LID_UNKNOWN_PROPERTY_8571','PidLidUnknownProperty8571'),(584,0,1,'00062008-0000-0000-c000-000000000046',38267,34122,NULL,'LID_UNKNOWN_PROPERTY_854a','PidLidUnknownProperty854a'),(585,0,1,'00062008-0000-0000-c000-000000000046',38268,34205,NULL,'LID_UNKNOWN_PROPERTY_859d','PidLidUnknownProperty859d'),(586,1,1,'00062008-0000-0000-c000-000000000046',38269,0,'ArchiveSourceSupportMask',NULL,'PidNameArchivesourcesupportmask'),(587,1,1,'00062008-0000-0000-c000-000000000046',38270,0,'CrawlSourceSupportMask',NULL,'PidNameCrawlsourcesupportmask'),(588,0,1,'0006200a-0000-0000-c000-000000000046',38271,34564,NULL,'LID_UNKNOWN_PROPERTY_8704','PidLidUnknownProperty8704'),(589,0,1,'0006200a-0000-0000-c000-000000000046',38272,34565,NULL,'LID_UNKNOWN_PROPERTY_8705','PidLidUnknownProperty8705'),(590,0,1,'0006200a-0000-0000-c000-000000000046',38273,34573,NULL,'LID_UNKNOWN_PROPERTY_870d','PidLidUnknownProperty870d'),(591,0,1,'0006200e-0000-0000-c000-000000000046',38274,35585,NULL,'LID_UNKNOWN_PROPERTY_8b01','PidLidUnknownProperty8b01'),(592,0,1,'6ed8da90-450b-101b-98da-00aa003f1305',38275,34,NULL,'LID_UNKNOWN_PROPERTY_0022','PidLidUnknownProperty0022'),(593,0,1,'6ed8da90-450b-101b-98da-00aa003f1305',38276,37,NULL,'LID_UNKNOWN_PROPERTY_0025','PidLidUnknownProperty0025'),(594,0,1,'00062013-0000-0000-c000-000000000046',38277,36096,NULL,'LID_UNKNOWN_PROPERTY_8d00','PidLidUnknownProperty8d00'),(595,0,1,'00062014-0000-0000-c000-000000000046',38278,36610,NULL,'LID_UNKNOWN_PROPERTY_8f02','PidLidUnknownProperty8f02'),(596,0,1,'00020329-0000-0000-c000-000000000046',38279,36865,NULL,'LID_UNKNOWN_PROPERTY_9001','PidLidUnknownProperty9001'),(597,1,1,'00020329-0000-0000-c000-000000000046',38280,0,'urn:schemas:httpmail:bcc',NULL,'NULL'),(598,1,1,'00020329-0000-0000-c000-000000000046',38281,0,'urn:schemas:httpmail:calendar',NULL,'NULL'),(599,1,1,'00020329-0000-0000-c000-000000000046',38282,0,'urn:schemas:httpmail:cc',NULL,'NULL'),(600,1,1,'00020329-0000-0000-c000-000000000046',38283,0,'urn:schemas:httpmail:contacts',NULL,'NULL'),(601,1,1,'00020329-0000-0000-c000-000000000046',38284,0,'urn:schemas:httpmail:content-disposition-type',NULL,'NULL'),(602,1,1,'00020329-0000-0000-c000-000000000046',38285,0,'urn:schemas:httpmail:content-media-type',NULL,'NULL'),(603,1,1,'00020329-0000-0000-c000-000000000046',38286,0,'urn:schemas:httpmail:deleteditems',NULL,'NULL'),(604,1,1,'00020329-0000-0000-c000-000000000046',38287,0,'urn:schemas:httpmail:drafts',NULL,'NULL'),(605,1,1,'00020329-0000-0000-c000-000000000046',38288,0,'urn:schemas:httpmail:from',NULL,'NULL'),(606,1,1,'00020329-0000-0000-c000-000000000046',38289,0,'urn:schemas:httpmail:fromemail',NULL,'NULL'),(607,1,1,'00020329-0000-0000-c000-000000000046',38290,0,'urn:schemas:httpmail:inbox',NULL,'NULL'),(608,1,1,'00020329-0000-0000-c000-000000000046',38291,0,'urn:schemas:httpmail:journal',NULL,'NULL'),(609,1,1,'00020329-0000-0000-c000-000000000046',38292,0,'urn:schemas:httpmail:msgfolderroot',NULL,'NULL'),(610,1,1,'00020329-0000-0000-c000-000000000046',38293,0,'urn:schemas:httpmail:notes',NULL,'NULL'),(611,1,1,'00020329-0000-0000-c000-000000000046',38294,0,'urn:schemas:httpmail:outbox',NULL,'NULL'),(612,1,1,'00020329-0000-0000-c000-000000000046',38295,0,'urn:schemas:httpmail:sender',NULL,'NULL'),(613,1,1,'00020329-0000-0000-c000-000000000046',38296,0,'urn:schemas:httpmail:senderemail',NULL,'NULL'),(614,1,1,'00020329-0000-0000-c000-000000000046',38297,0,'urn:schemas:httpmail:sendmsg',NULL,'NULL'),(615,1,1,'00020329-0000-0000-c000-000000000046',38298,0,'urn:schemas:httpmail:sentitems',NULL,'NULL'),(616,1,1,'00020329-0000-0000-c000-000000000046',38299,0,'urn:schemas:httpmail:special',NULL,'NULL'),(617,1,1,'00020329-0000-0000-c000-000000000046',38300,0,'urn:schemas:httpmail:tasks',NULL,'NULL'),(618,1,1,'00020329-0000-0000-c000-000000000046',38301,0,'urn:schemas:httpmail:reply-to',NULL,'NULL'),(619,1,1,'00020329-0000-0000-c000-000000000046',38302,0,'urn:schemas:httpmail:submitted',NULL,'NULL'),(620,1,1,'00020329-0000-0000-c000-000000000046',38303,0,'urn:schemas:httpmail:to',NULL,'NULL'),(621,1,1,'00020329-0000-0000-c000-000000000046',38304,0,'urn:schemas:httpmail:saveinsent',NULL,'NULL'),(622,1,1,'00020329-0000-0000-c000-000000000046',38305,0,'urn:schemas:httpmail:savedestination',NULL,'NULL'),(623,1,1,'00020329-0000-0000-c000-000000000046',38306,0,'urn:schemas:httpmail:junkemail',NULL,'NULL'),(624,1,1,'00020329-0000-0000-c000-000000000046',38307,0,'urn:schemas:httpmail:htmldescription',NULL,'NULL'),(625,1,1,'00020329-0000-0000-c000-000000000046',38308,0,'urn:schemas-microsoft-com:exch-data:schema-uri',NULL,'NULL'),(626,1,1,'00020329-0000-0000-c000-000000000046',38309,0,'urn:schemas-microsoft-com:exch-data:schema-collection-ref',NULL,'NULL'),(627,1,1,'00020329-0000-0000-c000-000000000046',38310,0,'urn:schemas-microsoft-com:exch-data:baseschema',NULL,'NULL'),(628,1,1,'00020329-0000-0000-c000-000000000046',38311,0,'urn:schemas-microsoft-com:exch-data:expected-content-class',NULL,'NULL'),(629,1,1,'00020329-0000-0000-c000-000000000046',38312,0,'urn:schemas-microsoft-com:exch-data:default',NULL,'NULL'),(630,1,1,'00020329-0000-0000-c000-000000000046',38313,0,'urn:schemas-microsoft-com:exch-data:dictionary',NULL,'NULL'),(631,1,1,'00020329-0000-0000-c000-000000000046',38314,0,'urn:schemas-microsoft-com:exch-data:iscontentindexed',NULL,'NULL'),(632,1,1,'00020329-0000-0000-c000-000000000046',38315,0,'urn:schemas-microsoft-com:exch-data:isindexed',NULL,'NULL'),(633,1,1,'00020329-0000-0000-c000-000000000046',38316,0,'urn:schemas-microsoft-com:exch-data:ismultivalued',NULL,'NULL'),(634,1,1,'00020329-0000-0000-c000-000000000046',38317,0,'urn:schemas-microsoft-com:exch-data:isreadonly',NULL,'NULL'),(635,1,1,'00020329-0000-0000-c000-000000000046',38318,0,'urn:schemas-microsoft-com:exch-data:isrequired',NULL,'NULL'),(636,1,1,'00020329-0000-0000-c000-000000000046',38319,0,'urn:schemas-microsoft-com:exch-data:isvisible',NULL,'NULL'),(637,1,1,'00020329-0000-0000-c000-000000000046',38320,0,'urn:schemas-microsoft-com:exch-data:propertydef',NULL,'NULL'),(638,1,1,'00020329-0000-0000-c000-000000000046',38321,0,'urn:schemas-microsoft-com:exch-data:synchronize',NULL,'NULL'),(639,1,1,'00020329-0000-0000-c000-000000000046',38322,0,'urn:schemas-microsoft-com:exch-data:version',NULL,'NULL'),(640,1,1,'00020329-0000-0000-c000-000000000046',38323,0,'urn:schemas-microsoft-com:exch-data:closedexpectedcontentclasses',NULL,'NULL'),(641,1,1,'00020329-0000-0000-c000-000000000046',38324,0,'urn:schemas-microsoft-com:exch-data:codebase',NULL,'NULL'),(642,1,1,'00020329-0000-0000-c000-000000000046',38325,0,'urn:schemas-microsoft-com:exch-data:comclassid',NULL,'NULL'),(643,1,1,'00020329-0000-0000-c000-000000000046',38326,0,'urn:schemas-microsoft-com:exch-data:comprogid',NULL,'NULL'),(644,1,1,'00020329-0000-0000-c000-000000000046',38327,0,'urn:schemas-microsoft-com:exch-data:form',NULL,'NULL'),(645,1,1,'00020329-0000-0000-c000-000000000046',38328,0,'urn:schemas-microsoft-com:datatypes#type',NULL,'NULL'),(646,1,1,'00020329-0000-0000-c000-000000000046',38329,0,'urn:schemas-microsoft-com:xml-data#element',NULL,'NULL'),(647,1,1,'00020329-0000-0000-c000-000000000046',38330,0,'urn:schemas-microsoft-com:xml-data#extends',NULL,'NULL'),(648,1,1,'00020329-0000-0000-c000-000000000046',38331,0,'urn:schemas-microsoft-com:xml-data#name',NULL,'NULL'),(649,1,1,'00020329-0000-0000-c000-000000000046',38332,0,'urn:schemas-microsoft-com:office:outlook#fixupfbfolder',NULL,'NULL'),(650,1,1,'00020329-0000-0000-c000-000000000046',38333,0,'urn:schemas-microsoft-com:publishing:BaseDoc',NULL,'NULL'),(651,1,1,'00020329-0000-0000-c000-000000000046',38334,0,'urn:schemas-microsoft-com:publishing:WorkingCopy',NULL,'NULL'),(652,1,1,'00020329-0000-0000-c000-000000000046',38335,0,'urn:schemas-microsoft-com:publishing:LastUnapprovedVersion',NULL,'NULL'),(653,1,1,'00020329-0000-0000-c000-000000000046',38336,0,'urn:schemas-microsoft-com:publishing:LastApprovedVersion',NULL,'NULL'),(654,1,1,'00020329-0000-0000-c000-000000000046',38337,0,'urn:schemas-microsoft-com:publishing:MainFolder',NULL,'NULL'),(655,1,1,'00020329-0000-0000-c000-000000000046',38338,0,'http://schemas.microsoft.com/exchange/runat',NULL,'PidNameRunat'),(656,1,1,'00020329-0000-0000-c000-000000000046',38339,0,'http://schemas.microsoft.com/exchange/schemaversion',NULL,'PidNameSchemaversion'),(657,1,1,'00020329-0000-0000-c000-000000000046',38340,0,'http://schemas.microsoft.com/exchange/baseitemuri',NULL,'PidNameBaseitemuri'),(658,1,1,'00020329-0000-0000-c000-000000000046',38341,0,'http://schemas.microsoft.com/exchange/rootfid',NULL,'PidNameRootfid'),(659,1,1,'00020329-0000-0000-c000-000000000046',38342,0,'http://schemas.microsoft.com/exchange/smallicon',NULL,'PidNameSmallicon'),(660,1,1,'00020329-0000-0000-c000-000000000046',38343,0,'http://schemas.microsoft.com/exchange/oof-state',NULL,'PidNameOofState'),(661,1,1,'00020329-0000-0000-c000-000000000046',38344,0,'http://schemas.microsoft.com/exchange/mailbox-owner-name',NULL,'PidNameMailboxOwnerName'),(662,1,1,'00020329-0000-0000-c000-000000000046',38345,0,'http://schemas.microsoft.com/exchange/mailbox-owner-entryid',NULL,'PidNameMailboxOwnerEntryid'),(663,1,1,'00020329-0000-0000-c000-000000000046',38346,0,'http://schemas.microsoft.com/exchange/user-entryid',NULL,'PidNameUserEntryid'),(664,1,1,'00020329-0000-0000-c000-000000000046',38347,0,'http://schemas.microsoft.com/exchange/otherproxyaddresses',NULL,'PidNameOtherproxyaddresses'),(665,1,1,'00020329-0000-0000-c000-000000000046',38348,0,'http://schemas.microsoft.com/exchange/archive',NULL,'PidNameArchive'),(666,1,1,'00020329-0000-0000-c000-000000000046',38349,0,'http://schemas.microsoft.com/exchange/deliverandredirect',NULL,'PidNameDeliverandredirect'),(667,1,1,'00020329-0000-0000-c000-000000000046',38350,0,'http://schemas.microsoft.com/exchange/fboldbusystatus',NULL,'PidNameFboldbusystatus'),(668,1,1,'00020329-0000-0000-c000-000000000046',38351,0,'http://schemas.microsoft.com/exchange/fboldend',NULL,'PidNameFboldend'),(669,1,1,'00020329-0000-0000-c000-000000000046',38352,0,'http://schemas.microsoft.com/exchange/fboldstart',NULL,'PidNameFboldstart'),(670,1,1,'00020329-0000-0000-c000-000000000046',38353,0,'http://schemas.microsoft.com/exchange/fbqueryend',NULL,'PidNameFbqueryend'),(671,1,1,'00020329-0000-0000-c000-000000000046',38354,0,'http://schemas.microsoft.com/exchange/fbqueryinterval',NULL,'PidNameFbqueryinterval'),(672,1,1,'00020329-0000-0000-c000-000000000046',38355,0,'http://schemas.microsoft.com/exchange/fbquerystart',NULL,'PidNameFbquerystart'),(673,1,1,'00020329-0000-0000-c000-000000000046',38356,0,'http://schemas.microsoft.com/exchange/fbquerystring',NULL,'PidNameFbquerystring'),(674,1,1,'00020329-0000-0000-c000-000000000046',38357,0,'http://schemas.microsoft.com/exchange/fbrecurisdirty',NULL,'PidNameFbrecurisdirty'),(675,1,1,'00020329-0000-0000-c000-000000000046',38358,0,'http://schemas.microsoft.com/exchange/forwardingaddress',NULL,'PidNameForwardingaddress'),(676,1,1,'00020329-0000-0000-c000-000000000046',38359,0,'http://schemas.microsoft.com/exchange/intendedbusystatus',NULL,'PidNameIntendedbusystatus'),(677,1,1,'00020329-0000-0000-c000-000000000046',38360,0,'http://schemas.microsoft.com/exchange/modifyexceptionstruct',NULL,'PidNameModifyexceptionstruct'),(678,1,1,'00020329-0000-0000-c000-000000000046',38361,0,'http://schemas.microsoft.com/exchange/nomodifyexceptions',NULL,'PidNameNomodifyexceptions'),(679,1,1,'00020329-0000-0000-c000-000000000046',38362,0,'http://schemas.microsoft.com/exchange/patternend',NULL,'PidNamePatternend'),(680,1,1,'00020329-0000-0000-c000-000000000046',38363,0,'http://schemas.microsoft.com/exchange/patternstart',NULL,'PidNamePatternstart'),(681,1,1,'00020329-0000-0000-c000-000000000046',38364,0,'http://schemas.microsoft.com/exchange/publicfolderemailaddress',NULL,'PidNamePublicfolderemailaddress'),(682,1,1,'00020329-0000-0000-c000-000000000046',38365,0,'http://schemas.microsoft.com/exchange/searchfolder',NULL,'PidNameSearchfolder'),(683,1,1,'00020329-0000-0000-c000-000000000046',38366,0,'http://schemas.microsoft.com/exchange/timezone',NULL,'PidNameTimezone'),(684,1,1,'00020329-0000-0000-c000-000000000046',38367,0,'http://schemas.microsoft.com/exchange/timeformat',NULL,'PidNameTimeformat'),(685,1,1,'00020329-0000-0000-c000-000000000046',38368,0,'http://schemas.microsoft.com/exchange/longdateformat',NULL,'PidNameLongdateformat'),(686,1,1,'00020329-0000-0000-c000-000000000046',38369,0,'http://schemas.microsoft.com/exchange/shortdateformat',NULL,'PidNameShortdateformat'),(687,1,1,'00020329-0000-0000-c000-000000000046',38370,0,'http://schemas.microsoft.com/exchange/weekstartday',NULL,'PidNameWeekstartday'),(688,1,1,'00020329-0000-0000-c000-000000000046',38371,0,'http://schemas.microsoft.com/exchange/workdays',NULL,'PidNameWorkdays'),(689,1,1,'00020329-0000-0000-c000-000000000046',38372,0,'http://schemas.microsoft.com/exchange/workdaystarttime',NULL,'PidNameWorkdaystarttime'),(690,1,1,'00020329-0000-0000-c000-000000000046',38373,0,'http://schemas.microsoft.com/exchange/workdayendtime',NULL,'PidNameWorkdayendtime'),(691,1,1,'00020329-0000-0000-c000-000000000046',38374,0,'http://schemas.microsoft.com/exchange/anrcontactsfirst',NULL,'PidNameAnrcontactsfirst'),(692,1,1,'00020329-0000-0000-c000-000000000046',38375,0,'http://schemas.microsoft.com/exchange/webclientlastusedview',NULL,'PidNameWebclientlastusedview'),(693,1,1,'00020329-0000-0000-c000-000000000046',38376,0,'http://schemas.microsoft.com/exchange/webclientshowhierarchy',NULL,'PidNameWebclientshowhierarchy'),(694,1,1,'00020329-0000-0000-c000-000000000046',38377,0,'http://schemas.microsoft.com/exchange/quicklinks',NULL,'PidNameQuicklinks'),(695,1,1,'00020329-0000-0000-c000-000000000046',38378,0,'http://schemas.microsoft.com/exchange/autoaddsignature',NULL,'PidNameAutoaddsignature'),(696,1,1,'00020329-0000-0000-c000-000000000046',38379,0,'http://schemas.microsoft.com/exchange/signaturetext',NULL,'PidNameSignaturetext'),(697,1,1,'00020329-0000-0000-c000-000000000046',38380,0,'http://schemas.microsoft.com/exchange/signaturehtml',NULL,'PidNameSignaturehtml'),(698,1,1,'00020329-0000-0000-c000-000000000046',38381,0,'http://schemas.microsoft.com/exchange/blockexternalcontent',NULL,'PidNameBlockexternalcontent'),(699,1,1,'00020329-0000-0000-c000-000000000046',38382,0,'http://schemas.microsoft.com/exchange/webclientnavbarwidth',NULL,'PidNameWebclientnavbarwidth'),(700,1,1,'00020329-0000-0000-c000-000000000046',38383,0,'http://schemas.microsoft.com/exchange/wcviewwidth',NULL,'PidNameWcviewwidth'),(701,1,1,'00020329-0000-0000-c000-000000000046',38384,0,'http://schemas.microsoft.com/exchange/wcviewheight',NULL,'PidNameWcviewheight'),(702,1,1,'00020329-0000-0000-c000-000000000046',38385,0,'http://schemas.microsoft.com/exchange/preview',NULL,'PidNamePreview'),(703,1,1,'00020329-0000-0000-c000-000000000046',38386,0,'http://schemas.microsoft.com/exchange/webclientlastusedsortcols',NULL,'PidNameWebclientlastusedsortcols'),(704,0,1,'11000e07-b51b-40d6-af21-caa85edab1d0',38387,34265,NULL,'LID_UNKNOWN_PROPERTY_85d9','PidLidUnknownProperty85d9'),(705,1,1,'02200600-0000-0000-c000-000000000046',38391,0,'TimeZone',NULL,'PidNameTimeZone'),(706,0,1,'00062040-0000-0000-c000-000000000046',38392,35429,NULL,NULL,NULL),(707,0,1,'00062040-0000-0000-c000-000000000046',38393,35430,NULL,NULL,NULL),(708,0,1,'00062004-0000-0000-c000-000000000046',38394,32990,NULL,NULL,NULL),(709,0,1,'00062004-0000-0000-c000-000000000046',38395,32991,NULL,NULL,NULL),(710,0,1,'00062004-0000-0000-c000-000000000046',38396,32834,NULL,NULL,NULL),(711,0,1,'00062004-0000-0000-c000-000000000046',38397,32836,NULL,NULL,NULL),(712,0,1,'00062004-0000-0000-c000-000000000046',38398,32867,NULL,NULL,NULL),(713,0,1,'00062002-0000-0000-c000-000000000046',38399,33377,NULL,NULL,NULL),(714,0,1,'00062002-0000-0000-c000-000000000046',38400,33342,NULL,NULL,NULL),(715,0,1,'00062002-0000-0000-c000-000000000046',38401,33407,NULL,NULL,NULL),(716,0,1,'00062008-0000-0000-c000-000000000046',38402,64543,NULL,NULL,NULL),(717,0,1,'00062008-0000-0000-c000-000000000046',38403,34213,NULL,NULL,NULL),(718,0,1,'00062008-0000-0000-c000-000000000046',38404,33305,NULL,NULL,NULL),(719,0,1,'00062008-0000-0000-c000-000000000046',38405,33324,NULL,NULL,NULL),(720,0,1,'00062008-0000-0000-c000-000000000046',38406,33325,NULL,NULL,NULL),(721,0,1,'00062008-0000-0000-c000-000000000046',38407,34246,NULL,NULL,NULL),(722,0,1,'00062008-0000-0000-c000-000000000046',38408,34247,NULL,NULL,NULL),(723,0,1,'00062008-0000-0000-c000-000000000046',38409,34248,NULL,NULL,NULL),(724,0,1,'00062008-0000-0000-c000-000000000046',38410,34249,NULL,NULL,NULL),(725,0,1,'00062008-0000-0000-c000-000000000046',38411,34250,NULL,NULL,NULL),(726,0,1,'00062008-0000-0000-c000-000000000046',38412,34251,NULL,NULL,NULL),(727,0,1,'00062008-0000-0000-c000-000000000046',38413,34254,NULL,NULL,NULL),(728,0,1,'00062008-0000-0000-c000-000000000046',38414,34258,NULL,NULL,NULL),(729,0,1,'00062008-0000-0000-c000-000000000046',38415,34259,NULL,NULL,NULL),(730,0,1,'00062008-0000-0000-c000-000000000046',38416,34260,NULL,NULL,NULL),(731,0,1,'00062008-0000-0000-c000-000000000046',38417,34261,NULL,NULL,NULL),(732,0,1,'00062008-0000-0000-c000-000000000046',38418,34264,NULL,NULL,NULL),(733,0,1,'00062040-0000-0000-c000-000000000046',38419,35416,NULL,NULL,NULL),(734,0,1,'00062040-0000-0000-c000-000000000046',38420,35417,NULL,NULL,NULL),(735,0,1,'00062040-0000-0000-c000-000000000046',38421,35427,NULL,NULL,NULL),(736,1,1,'00062040-0000-0000-c000-000000000046',38422,NULL,'SharingSendAsState',NULL,NULL),(737,0,1,'6ed8da90-450b-101b-98da-00aa003f1305',38423,45,NULL,NULL,NULL),(738,0,1,'6ed8da90-450b-101b-98da-00aa003f1305',38424,44,NULL,NULL,NULL),(739,0,1,'6ed8da90-450b-101b-98da-00aa003f1305',38425,43,NULL,NULL,NULL),(740,1,1,'00020329-0000-0000-c000-000000000046',38426,NULL,'http://schemas.microsoft.com/exchange/junkemailmovestamp',NULL,NULL),(741,1,1,'00020329-0000-0000-c000-000000000046',38427,NULL,'http://schemas.microsoft.com/exchange/firstweekofyear',NULL,NULL),(742,1,1,'00020329-0000-0000-c000-000000000046',38428,NULL,'http://schemas.microsoft.com/exchange/enablereminders',NULL,NULL),(743,1,1,'00020329-0000-0000-c000-000000000046',38429,NULL,'http://schemas.microsoft.com/exchange/reminderinterval',NULL,NULL),(744,1,1,'00020329-0000-0000-c000-000000000046',38430,NULL,'http://schemas.microsoft.com/exchange/newmailnotify',NULL,NULL),(745,1,1,'00020329-0000-0000-c000-000000000046',38431,NULL,'http://schemas.microsoft.com/exchange/viewrowcount',NULL,NULL),(746,1,1,'00020329-0000-0000-c000-000000000046',38432,NULL,'http://schemas.microsoft.com/exchange/spellingdictionarylanguage',NULL,NULL),(747,1,1,'00020329-0000-0000-c000-000000000046',38433,NULL,'http://schemas.microsoft.com/exchange/spellingignoreuppercase',NULL,NULL),(748,1,1,'00020329-0000-0000-c000-000000000046',38434,NULL,'http://schemas.microsoft.com/exchange/spellingignoremixeddigits',NULL,NULL),(749,1,1,'00020329-0000-0000-c000-000000000046',38435,NULL,'http://schemas.microsoft.com/exchange/spellingcheckbeforesend',NULL,NULL),(750,1,1,'00020329-0000-0000-c000-000000000046',38436,NULL,'http://schemas.microsoft.com/exchange/smimeencrypt',NULL,NULL),(751,1,1,'00020329-0000-0000-c000-000000000046',38437,NULL,'http://schemas.microsoft.com/exchange/smimesign',NULL,NULL),(752,1,1,'00020329-0000-0000-c000-000000000046',38438,NULL,'http://schemas.microsoft.com/exchange/composefontname',NULL,NULL),(753,1,1,'00020329-0000-0000-c000-000000000046',38439,NULL,'http://schemas.microsoft.com/exchange/composefontsize',NULL,NULL),(754,1,1,'00020329-0000-0000-c000-000000000046',38440,NULL,'http://schemas.microsoft.com/exchange/composefontcolor',NULL,NULL),(755,1,1,'00020329-0000-0000-c000-000000000046',38441,NULL,'http://schemas.microsoft.com/exchange/composefontflags',NULL,NULL),(756,1,1,'00020329-0000-0000-c000-000000000046',38442,NULL,'http://schemas.microsoft.com/exchange/showrulepont',NULL,NULL),(757,1,1,'00020329-0000-0000-c000-000000000046',38443,NULL,'http://schemas.microsoft.com/exchange/previewmarkasread',NULL,NULL),(758,1,1,'00020329-0000-0000-c000-000000000046',38444,NULL,'http://schemas.microsoft.com/exchange/prevreaddelaytime',NULL,NULL),(759,1,1,'00020329-0000-0000-c000-000000000046',38445,NULL,'http://schemas.microsoft.com/exchange/nextsel',NULL,NULL),(760,1,1,'00020329-0000-0000-c000-000000000046',38446,NULL,'http://schemas.microsoft.com/exchange/readreceipt',NULL,NULL),(761,1,1,'00020329-0000-0000-c000-000000000046',38447,NULL,'http://schemas.microsoft.com/exchange/themeid',NULL,NULL),(762,1,1,'00020329-0000-0000-c000-000000000046',38448,NULL,'http://schemas.microsoft.com/exchange/msexchembcultureinfo',NULL,NULL),(763,1,1,'00020329-0000-0000-c000-000000000046',38449,NULL,'http://schemas.microsoft.com/exchange/msexchembdateformat',NULL,NULL),(764,1,1,'00020329-0000-0000-c000-000000000046',38450,NULL,'http://schemas.microsoft.com/exchange/msexchembdefaultmailfolder',NULL,NULL),(765,1,1,'00020329-0000-0000-c000-000000000046',38451,NULL,'http://schemas.microsoft.com/exchange/msexchembtimeformat',NULL,NULL),(766,1,1,'00020329-0000-0000-c000-000000000046',38452,NULL,'http://schemas.microsoft.com/exchange/msexchembtimezone',NULL,NULL),(767,1,1,'00020329-0000-0000-c000-000000000046',38453,NULL,'http://schemas.microsoft.com/exchange/msexchembmarkread',NULL,NULL),(768,1,1,'00020329-0000-0000-c000-000000000046',38454,NULL,'http://schemas.microsoft.com/exchange/msexchembaccepteddevices',NULL,NULL),(769,1,1,'00020329-0000-0000-c000-000000000046',38455,NULL,'http://schemas.microsoft.com/exchange/msexchembdefaultmailfoldertype',NULL,NULL),(770,1,1,'00020329-0000-0000-c000-000000000046',38456,NULL,'http://schemas.microsoft.com/exchange/content-href',NULL,NULL),(771,1,1,'00020329-0000-0000-c000-000000000046',38457,NULL,'http://schemas.microsoft.com/repl/resourcetag',NULL,NULL),(772,1,1,'00020329-0000-0000-c000-000000000046',38458,NULL,'http://schemas.microsoft.com/repl/repl-uid',NULL,NULL),(773,1,1,'00020329-0000-0000-c000-000000000046',38459,NULL,'urn:schemas-microsoft-com:office:outlook#ishidden',NULL,NULL),(774,1,1,'00020329-0000-0000-c000-000000000046',38460,NULL,'urn:schemas-microsoft-com:office:office#doformlookup',NULL,NULL),(775,1,1,'00020329-0000-0000-c000-000000000046',38461,NULL,'urn:schemas-microsoft-com:office:outlook#docoercion',NULL,NULL),(776,1,1,'00020329-0000-0000-c000-000000000046',38462,NULL,'urn:schemas-microsoft-com:office:outlook#hidefiltertab',NULL,NULL),(777,1,1,'00020329-0000-0000-c000-000000000046',38463,NULL,'urn:schemas-microsoft-com:office:outlook#showforward',NULL,NULL),(778,1,1,'00020329-0000-0000-c000-000000000046',38464,NULL,'urn:schemas-microsoft-com:office:outlook#showreply',NULL,NULL),(779,1,1,'00020329-0000-0000-c000-000000000046',38465,NULL,'urn:schemas-microsoft-com:office:outlook#noduplicatedocuments',NULL,NULL),(780,1,1,'00020329-0000-0000-c000-000000000046',38466,NULL,'urn:schemas-microsoft-com:office:outlook#serverfoldersizes',NULL,NULL),(781,1,1,'00020329-0000-0000-c000-000000000046',38467,NULL,'urn:schemas-microsoft-com:office:outlook#allornonemtgupdatedlg',NULL,NULL),(782,1,1,'00020329-0000-0000-c000-000000000046',38468,NULL,'urn:schemas-microsoft-com:office:designer#templatedescription',NULL,NULL),(783,1,1,'00020329-0000-0000-c000-000000000046',38469,NULL,'urn:schemas-microsoft-com:office:designer#Membership',NULL,NULL),(784,1,1,'00020329-0000-0000-c000-000000000046',38470,NULL,'urn:schemas:contacts:alternaterecipient',NULL,NULL),(785,1,1,'00020329-0000-0000-c000-000000000046',38471,NULL,'urn:schemas:contacts:c',NULL,NULL),(786,1,1,'00020329-0000-0000-c000-000000000046',38472,NULL,'urn:schemas:contacts:email1',NULL,NULL),(787,1,1,'00020329-0000-0000-c000-000000000046',38473,NULL,'urn:schemas:contacts:email2',NULL,NULL),(788,1,1,'00020329-0000-0000-c000-000000000046',38474,NULL,'urn:schemas:contacts:email3',NULL,NULL),(789,1,1,'00020329-0000-0000-c000-000000000046',38475,NULL,'urn:schemas:contacts:fileas',NULL,NULL),(790,1,1,'00020329-0000-0000-c000-000000000046',38476,NULL,'urn:schemas:contacts:fileasid',NULL,NULL),(791,1,1,'00020329-0000-0000-c000-000000000046',38477,NULL,'urn:schemas:contacts:homelatitude',NULL,NULL),(792,1,1,'00020329-0000-0000-c000-000000000046',38478,NULL,'urn:schemas:contacts:homelongitude',NULL,NULL),(793,1,1,'00020329-0000-0000-c000-000000000046',38479,NULL,'urn:schemas:contacts:hometimezone',NULL,NULL),(794,1,1,'00020329-0000-0000-c000-000000000046',38480,NULL,'urn:schemas:contacts:mapurl',NULL,NULL),(795,1,1,'00020329-0000-0000-c000-000000000046',38481,NULL,'urn:schemas:contacts:othercountrycode',NULL,NULL),(796,1,1,'00020329-0000-0000-c000-000000000046',38482,NULL,'urn:schemas:contacts:otherpager',NULL,NULL),(797,1,1,'00020329-0000-0000-c000-000000000046',38483,NULL,'urn:schemas:contacts:othertimezone',NULL,NULL),(798,1,1,'00020329-0000-0000-c000-000000000046',38484,NULL,'urn:schemas:contacts:proxyaddresses',NULL,NULL),(799,1,1,'00020329-0000-0000-c000-000000000046',38485,NULL,'urn:schemas:contacts:secretaryurl',NULL,NULL),(800,1,1,'00020329-0000-0000-c000-000000000046',38486,NULL,'urn:schemas:contacts:sourceurl',NULL,NULL),(801,1,1,'00020329-0000-0000-c000-000000000046',38487,NULL,'urn:schemas:calendar:attendeerole',NULL,NULL),(802,1,1,'00020329-0000-0000-c000-000000000046',38488,NULL,'urn:schemas:calendar:busystatus',NULL,NULL),(803,1,1,'00020329-0000-0000-c000-000000000046',38489,NULL,'urn:schemas:calendar:contact',NULL,NULL),(804,1,1,'00020329-0000-0000-c000-000000000046',38490,NULL,'urn:schemas:calendar:contacturl',NULL,NULL),(805,1,1,'00020329-0000-0000-c000-000000000046',38491,NULL,'urn:schemas:calendar:created',NULL,NULL),(806,1,1,'00020329-0000-0000-c000-000000000046',38492,NULL,'urn:schemas:calendar:descriptionurl',NULL,NULL),(807,1,1,'00020329-0000-0000-c000-000000000046',38493,NULL,'urn:schemas:calendar:duration',NULL,NULL),(808,1,1,'00020329-0000-0000-c000-000000000046',38494,NULL,'urn:schemas:calendar:exdate',NULL,NULL),(809,1,1,'00020329-0000-0000-c000-000000000046',38495,NULL,'urn:schemas:calendar:exrule',NULL,NULL),(810,1,1,'00020329-0000-0000-c000-000000000046',38496,NULL,'urn:schemas:calendar:geolatitude',NULL,NULL),(811,1,1,'00020329-0000-0000-c000-000000000046',38497,NULL,'urn:schemas:calendar:geolongitude',NULL,NULL),(812,1,1,'00020329-0000-0000-c000-000000000046',38498,NULL,'urn:schemas:calendar:instancetype',NULL,NULL),(813,1,1,'00020329-0000-0000-c000-000000000046',38499,NULL,'urn:schemas:calendar:isorganizer',NULL,NULL),(814,1,1,'00020329-0000-0000-c000-000000000046',38500,NULL,'urn:schemas:calendar:lastmodified',NULL,NULL),(815,1,1,'00020329-0000-0000-c000-000000000046',38501,NULL,'urn:schemas:calendar:locationurl',NULL,NULL),(816,1,1,'00020329-0000-0000-c000-000000000046',38502,NULL,'urn:schemas:calendar:meetingstatus',NULL,NULL),(817,1,1,'00020329-0000-0000-c000-000000000046',38503,NULL,'urn:schemas:calendar:method',NULL,NULL),(818,1,1,'00020329-0000-0000-c000-000000000046',38504,NULL,'urn:schemas:calendar:prodid',NULL,NULL),(819,1,1,'00020329-0000-0000-c000-000000000046',38505,NULL,'urn:schemas:contacts:rdate',NULL,NULL),(820,1,1,'00020329-0000-0000-c000-000000000046',38506,NULL,'urn:schemas:calendar:recurrenceidrange',NULL,NULL),(821,1,1,'00020329-0000-0000-c000-000000000046',38507,NULL,'urn:schemas:calendar:reminderoffset',NULL,NULL),(822,1,1,'00020329-0000-0000-c000-000000000046',38508,NULL,'urn:schemas:calendar:resources',NULL,NULL),(823,1,1,'00020329-0000-0000-c000-000000000046',38509,NULL,'urn:schemas:contacts:rrule',NULL,NULL),(824,1,1,'00020329-0000-0000-c000-000000000046',38510,NULL,'urn:schemas:calendar:rsvp',NULL,NULL),(825,1,1,'00020329-0000-0000-c000-000000000046',38511,NULL,'urn:schemas:calendar:sequence',NULL,NULL),(826,1,1,'00020329-0000-0000-c000-000000000046',38512,NULL,'urn:schemas:calendar:timezone',NULL,NULL),(827,1,1,'00020329-0000-0000-c000-000000000046',38513,NULL,'urn:schemas:calendar:timezoneid',NULL,NULL),(828,1,1,'00020329-0000-0000-c000-000000000046',38514,NULL,'urn:schemas:calendar:transparent',NULL,NULL),(829,1,1,'00020329-0000-0000-c000-000000000046',38515,NULL,'urn:schemas:calendar:uid',NULL,NULL),(830,1,1,'00020329-0000-0000-c000-000000000046',38516,NULL,'urn:schemas:calendar:version',NULL,NULL),(831,1,1,'00020329-0000-0000-c000-000000000046',38517,NULL,'STS_EventType',NULL,NULL),(832,1,1,'00020329-0000-0000-c000-000000000046',38518,NULL,'STS_HeaderInfo',NULL,NULL),(833,1,1,'00020329-0000-0000-c000-000000000046',38519,NULL,'STS_FooterInfo',NULL,NULL),(834,1,1,'00020329-0000-0000-c000-000000000046',38520,NULL,'STS_EventUID',NULL,NULL),(835,1,1,'00020329-0000-0000-c000-000000000046',38521,NULL,'STS_RecurrenceID',NULL,NULL),(836,1,1,'00020329-0000-0000-c000-000000000046',38522,NULL,'STS_RecurXml',NULL,NULL),(837,1,1,'00020329-0000-0000-c000-000000000046',38523,NULL,'STS_BaseURL',NULL,NULL),(838,1,1,'00020329-0000-0000-c000-000000000046',38524,NULL,'STS_ListGUID',NULL,NULL),(839,1,1,'00020329-0000-0000-c000-000000000046',38525,NULL,'STS_HiddenVer',NULL,NULL),(840,1,1,'00020329-0000-0000-c000-000000000046',38526,NULL,'STS_IDTable',NULL,NULL),(841,1,1,'00020329-0000-0000-c000-000000000046',38527,NULL,'STS_AttachIDTable',NULL,NULL),(842,1,1,'00020329-0000-0000-c000-000000000046',38528,NULL,'STS_SharePointFolder',NULL,NULL),(843,1,1,'00020329-0000-0000-c000-000000000046',38529,NULL,'STS_SiteName',NULL,NULL),(844,1,1,'00020329-0000-0000-c000-000000000046',38530,NULL,'STS_ListFriendlyName',NULL,NULL),(845,1,1,'00020329-0000-0000-c000-000000000046',38531,NULL,'STS_ListURL',NULL,NULL),(846,1,1,'00020329-0000-0000-c000-000000000046',38532,NULL,'STS_UserId',NULL,NULL),(847,1,1,'00020329-0000-0000-c000-000000000046',38533,NULL,'STS_TimeStamp',NULL,NULL),(848,1,1,'00020329-0000-0000-c000-000000000046',38534,NULL,'STS_TimeStamp2',NULL,NULL),(849,1,1,'00020329-0000-0000-c000-000000000046',38535,NULL,'STS_LastSync',NULL,NULL),(850,1,1,'00020329-0000-0000-c000-000000000046',38536,NULL,'AddLevel1',NULL,NULL),(851,1,1,'00020329-0000-0000-c000-000000000046',38537,NULL,'AddLevel2',NULL,NULL),(852,1,1,'00020329-0000-0000-c000-000000000046',38538,NULL,'RemoveLevel1',NULL,NULL),(853,1,1,'00020329-0000-0000-c000-000000000046',38539,NULL,'RemoveLevel2',NULL,NULL),(854,1,1,'00020329-0000-0000-c000-000000000046',38540,NULL,'FormVersion',NULL,NULL),(855,1,1,'00020329-0000-0000-c000-000000000046',38541,NULL,'ShowAllAttach',NULL,NULL),(856,1,1,'00020329-0000-0000-c000-000000000046',38542,NULL,'AllowOleAct',NULL,NULL),(857,1,1,'00020329-0000-0000-c000-000000000046',38543,NULL,'AllowOlePack',NULL,NULL),(858,1,1,'00020329-0000-0000-c000-000000000046',38544,NULL,'AttachClosePrompt',NULL,NULL),(859,1,1,'00020329-0000-0000-c000-000000000046',38545,NULL,'AttachSendPrompt',NULL,NULL),(860,1,1,'00020329-0000-0000-c000-000000000046',38546,NULL,'AllowUserAttachSetting',NULL,NULL),(861,1,1,'00020329-0000-0000-c000-000000000046',38547,NULL,'AllowOneOffs',NULL,NULL),(862,1,1,'00020329-0000-0000-c000-000000000046',38548,NULL,'ProgSendOOM',NULL,NULL),(863,1,1,'00020329-0000-0000-c000-000000000046',38549,NULL,'ProgSendCDO',NULL,NULL),(864,1,1,'00020329-0000-0000-c000-000000000046',38550,NULL,'ProgSendSMAPI',NULL,NULL),(865,1,1,'00020329-0000-0000-c000-000000000046',38551,NULL,'ProgCustVerb',NULL,NULL),(866,1,1,'00020329-0000-0000-c000-000000000046',38552,NULL,'ProgAddrBookOOM',NULL,NULL),(867,1,1,'00020329-0000-0000-c000-000000000046',38553,NULL,'ProgAddrBookCDO',NULL,NULL),(868,1,1,'00020329-0000-0000-c000-000000000046',38554,NULL,'ProgAddrBookSMAPI',NULL,NULL),(869,1,1,'00020329-0000-0000-c000-000000000046',38555,NULL,'ProgAddrInfoOOM',NULL,NULL),(870,1,1,'00020329-0000-0000-c000-000000000046',38556,NULL,'ProgAddrInfoCDO',NULL,NULL),(871,1,1,'00020329-0000-0000-c000-000000000046',38557,NULL,'ProgAddrInfoSMAPI',NULL,NULL),(872,1,1,'00020329-0000-0000-c000-000000000046',38558,NULL,'ProgSaveAs',NULL,NULL),(873,1,1,'00020329-0000-0000-c000-000000000046',38559,NULL,'ProgSearch',NULL,NULL),(874,1,1,'00020329-0000-0000-c000-000000000046',38560,NULL,'UserFormula',NULL,NULL),(875,1,1,'00020329-0000-0000-c000-000000000046',38561,NULL,'FormControlProp',NULL,NULL),(876,1,1,'00020329-0000-0000-c000-000000000046',38562,NULL,'ProgRespond',NULL,NULL),(877,1,1,'00020329-0000-0000-c000-000000000046',38563,NULL,'AllUsers',NULL,NULL),(878,1,1,'00020329-0000-0000-c000-000000000046',38564,NULL,'TrustedCode',NULL,NULL),(879,1,1,'00020329-0000-0000-c000-000000000046',38565,NULL,'DocParts',NULL,NULL),(880,1,1,'00020329-0000-0000-c000-000000000046',38566,NULL,'HeadingPair',NULL,NULL),(881,1,1,'00020329-0000-0000-c000-000000000046',38567,NULL,'LinksDirty',NULL,NULL),(882,1,1,'00020329-0000-0000-c000-000000000046',38568,NULL,'NumElements',NULL,NULL),(883,1,1,'00020329-0000-0000-c000-000000000046',38569,NULL,'RevNumber',NULL,NULL),(884,1,1,'00020329-0000-0000-c000-000000000046',38570,NULL,'Scale',NULL,NULL),(885,1,1,'00020329-0000-0000-c000-000000000046',38571,NULL,'Thumbnail',NULL,NULL),(886,1,1,'00020329-0000-0000-c000-000000000046',38572,NULL,'DAV:getcontentlanguage',NULL,NULL),(887,1,1,'00020329-0000-0000-c000-000000000046',38573,NULL,'DAV:getcontenttype',NULL,NULL),(888,1,1,'00020329-0000-0000-c000-000000000046',38574,NULL,'DAV:abstract',NULL,NULL),(889,1,1,'00020329-0000-0000-c000-000000000046',38575,NULL,'DAV:getetag',NULL,NULL),(890,1,1,'00020329-0000-0000-c000-000000000046',38576,NULL,'DAV:id',NULL,NULL),(891,1,1,'00020329-0000-0000-c000-000000000046',38577,NULL,'DAV:lockdiscovery',NULL,NULL),(892,1,1,'00020329-0000-0000-c000-000000000046',38578,NULL,'DAV:resourcetype',NULL,NULL),(893,1,1,'00020329-0000-0000-c000-000000000046',38579,NULL,'DAV:getcontentlength',NULL,NULL),(894,1,1,'00020329-0000-0000-c000-000000000046',38580,NULL,'DAV:supportedlock',NULL,NULL),(895,1,1,'00020329-0000-0000-c000-000000000046',38581,NULL,'DAV:uid',NULL,NULL),(896,1,1,'00020329-0000-0000-c000-000000000046',38582,NULL,'DAV:displayname',NULL,NULL),(897,1,1,'00020329-0000-0000-c000-000000000046',38583,NULL,'DAV:iscollection',NULL,NULL),(898,1,1,'00020329-0000-0000-c000-000000000046',38584,NULL,'DAV:isstructureddocument',NULL,NULL),(899,1,1,'00020329-0000-0000-c000-000000000046',38585,NULL,'DAV:childcount',NULL,NULL),(900,1,1,'00020329-0000-0000-c000-000000000046',38586,NULL,'DAV:haschildren',NULL,NULL),(901,1,1,'00020329-0000-0000-c000-000000000046',38587,NULL,'DAV:objectcount',NULL,NULL),(902,1,1,'00020329-0000-0000-c000-000000000046',38588,NULL,'DAV:parentname',NULL,NULL),(903,1,1,'00020329-0000-0000-c000-000000000046',38589,NULL,'DAV:nosubs',NULL,NULL),(904,1,1,'00020329-0000-0000-c000-000000000046',38590,NULL,'DAV:isroot',NULL,NULL),(905,1,1,'00020329-0000-0000-c000-000000000046',38591,NULL,'DAV:searchtype',NULL,NULL),(906,1,1,'00020329-0000-0000-c000-000000000046',38592,NULL,'DAV:searchrequest',NULL,NULL),(907,1,1,'00020329-0000-0000-c000-000000000046',38593,NULL,'MAIL:submissionuri',NULL,NULL),(908,1,1,'00020386-0000-0000-c000-000000000046',38594,NULL,'Comment',NULL,NULL),(909,1,1,'00020386-0000-0000-c000-000000000046',38595,NULL,'Control',NULL,NULL),(910,1,1,'00020386-0000-0000-c000-000000000046',38596,NULL,'Disposition',NULL,NULL),(911,1,1,'00020386-0000-0000-c000-000000000046',38597,NULL,'Disposition-Notification-Options',NULL,NULL),(912,1,1,'00020386-0000-0000-c000-000000000046',38598,NULL,'Disposition-Notification-To',NULL,NULL),(913,1,1,'00020386-0000-0000-c000-000000000046',38599,NULL,'Distribution',NULL,NULL),(914,1,1,'00020386-0000-0000-c000-000000000046',38600,NULL,'Expires',NULL,NULL),(915,1,1,'00020386-0000-0000-c000-000000000046',38601,NULL,'Expiry-Date',NULL,NULL),(916,1,1,'00020386-0000-0000-c000-000000000046',38602,NULL,'Followup-To',NULL,NULL),(917,1,1,'00020386-0000-0000-c000-000000000046',38603,NULL,'From',NULL,NULL),(918,1,1,'00020386-0000-0000-c000-000000000046',38604,NULL,'Importance',NULL,NULL),(919,1,1,'00020386-0000-0000-c000-000000000046',38605,NULL,'In-Reply-To',NULL,NULL),(920,1,1,'00020386-0000-0000-c000-000000000046',38606,NULL,'Keywords',NULL,NULL),(921,1,1,'00020386-0000-0000-c000-000000000046',38607,NULL,'Lines',NULL,NULL),(922,1,1,'00020386-0000-0000-c000-000000000046',38608,NULL,'Message-ID',NULL,NULL),(923,1,1,'00020386-0000-0000-c000-000000000046',38609,NULL,'Mime-Version',NULL,NULL),(924,1,1,'00020386-0000-0000-c000-000000000046',38610,NULL,'Newsgroups',NULL,NULL),(925,1,1,'00020386-0000-0000-c000-000000000046',38611,NULL,'NNTP-Posting-Host',NULL,NULL),(926,1,1,'00020386-0000-0000-c000-000000000046',38612,NULL,'NNTP-Posting-User',NULL,NULL),(927,1,1,'00020386-0000-0000-c000-000000000046',38613,NULL,'Organization',NULL,NULL),(928,1,1,'00020386-0000-0000-c000-000000000046',38614,NULL,'Original-Recipient',NULL,NULL),(929,1,1,'00020386-0000-0000-c000-000000000046',38615,NULL,'Path',NULL,NULL),(930,1,1,'00020386-0000-0000-c000-000000000046',38616,NULL,'Posting-Version',NULL,NULL),(931,1,1,'00020386-0000-0000-c000-000000000046',38617,NULL,'Priority',NULL,NULL),(932,1,1,'00020386-0000-0000-c000-000000000046',38618,NULL,'Received',NULL,NULL),(933,1,1,'00020386-0000-0000-c000-000000000046',38619,NULL,'References',NULL,NULL),(934,1,1,'00020386-0000-0000-c000-000000000046',38620,NULL,'Relay-Version',NULL,NULL),(935,1,1,'00020386-0000-0000-c000-000000000046',38621,NULL,'Reply-By',NULL,NULL),(936,1,1,'00020386-0000-0000-c000-000000000046',38622,NULL,'Reply-To',NULL,NULL),(937,1,1,'00020386-0000-0000-c000-000000000046',38623,NULL,'Return-Path',NULL,NULL),(938,1,1,'00020386-0000-0000-c000-000000000046',38624,NULL,'Return-Receipt-To',NULL,NULL),(939,1,1,'00020386-0000-0000-c000-000000000046',38625,NULL,'Sender',NULL,NULL),(940,1,1,'00020386-0000-0000-c000-000000000046',38626,NULL,'Sensitivity',NULL,NULL),(941,1,1,'00020386-0000-0000-c000-000000000046',38627,NULL,'Subject',NULL,NULL),(942,1,1,'00020386-0000-0000-c000-000000000046',38628,NULL,'Summary',NULL,NULL),(943,1,1,'00020386-0000-0000-c000-000000000046',38629,NULL,'Thread-Index',NULL,NULL),(944,1,1,'00020386-0000-0000-c000-000000000046',38630,NULL,'Thread-Topic',NULL,NULL),(945,1,1,'00020386-0000-0000-c000-000000000046',38631,NULL,'To',NULL,NULL),(946,1,1,'00020386-0000-0000-c000-000000000046',38632,NULL,'X-Mailer',NULL,NULL),(947,1,1,'00020386-0000-0000-c000-000000000046',38633,NULL,'X-Message-Completed',NULL,NULL),(948,1,1,'00020386-0000-0000-c000-000000000046',38634,NULL,'X-Message-Flag',NULL,NULL),(949,1,1,'00020386-0000-0000-c000-000000000046',38635,NULL,'X-Unsent',NULL,NULL),(950,1,1,'00020386-0000-0000-c000-000000000046',38636,NULL,'X-Sharing-Exended-Caps',NULL,NULL),(951,1,1,'00020386-0000-0000-c000-000000000046',38637,NULL,'X-MS-Exchange-Organization-AuthAs',NULL,NULL),(952,1,1,'4e3a7680-b77a-11d0-9da5-00c04fd65685',38638,NULL,'Internet Charset Body',NULL,NULL),(953,1,1,'4e3a7680-b77a-11d0-9da5-00c04fd65685',38639,NULL,'Partial Message Id',NULL,NULL),(954,1,1,'4e3a7680-b77a-11d0-9da5-00c04fd65685',38640,NULL,'Partial Message Number',NULL,NULL),(955,1,1,'4e3a7680-b77a-11d0-9da5-00c04fd65685',38641,NULL,'Partial Message Total',NULL,NULL),(956,0,1,'94faef10-f947-11d0-800e-00a0c90dc8db',38642,40960,NULL,NULL,NULL),(957,0,1,'29f3ab55-554d-11d0-a97c-00a0c911f50a',38643,41072,NULL,NULL,NULL),(958,0,1,'29f3ab55-554d-11d0-a97c-00a0c911f50a',38644,41073,NULL,NULL,NULL),(959,0,1,'29f3ab55-554d-11d0-a97c-00a0c911f50a',38645,41074,NULL,NULL,NULL),(960,0,1,'29f3ab55-554d-11d0-a97c-00a0c911f50a',38646,41075,NULL,NULL,NULL),(961,0,1,'29f3ab55-554d-11d0-a97c-00a0c911f50a',38647,41076,NULL,NULL,NULL),(962,0,1,'29f3ab52-554d-11d0-a97c-00a0c911f50a',38648,40993,NULL,NULL,NULL),(963,0,1,'29f3ab52-554d-11d0-a97c-00a0c911f50a',38649,40994,NULL,NULL,NULL),(964,0,1,'29f3ab52-554d-11d0-a97c-00a0c911f50a',38650,40996,NULL,NULL,NULL),(965,0,1,'29f3ab52-554d-11d0-a97c-00a0c911f50a',38651,40997,NULL,NULL,NULL),(966,0,1,'29f3ab52-554d-11d0-a97c-00a0c911f50a',38652,40998,NULL,NULL,NULL),(967,0,1,'29f3ab53-554d-11d0-a97c-00a0c911f50a',38653,41024,NULL,NULL,NULL),(968,0,1,'29f3ab53-554d-11d0-a97c-00a0c911f50a',38654,41025,NULL,NULL,NULL),(969,0,1,'29f3ab53-554d-11d0-a97c-00a0c911f50a',38655,41027,NULL,NULL,NULL),(970,0,1,'29f3ab53-554d-11d0-a97c-00a0c911f50a',38656,41028,NULL,NULL,NULL),(971,0,1,'29f3ab53-554d-11d0-a97c-00a0c911f50a',38657,41029,NULL,NULL,NULL),(972,0,1,'29f3ab53-554d-11d0-a97c-00a0c911f50a',38658,41030,NULL,NULL,NULL),(973,0,1,'29f3ab60-554d-11d0-a97c-00a0c911f50a',38659,41216,NULL,NULL,NULL),(974,0,1,'29f3ab60-554d-11d0-a97c-00a0c911f50a',38660,41217,NULL,NULL,NULL),(975,0,1,'29f3ab60-554d-11d0-a97c-00a0c911f50a',38661,41219,NULL,NULL,NULL),(976,0,1,'29f3ab60-554d-11d0-a97c-00a0c911f50a',38662,41220,NULL,NULL,NULL),(977,0,1,'29f3ab56-554d-11d0-a97c-00a0c911f50a',38663,40960,NULL,NULL,NULL),(978,0,1,'b725f130-47ef-101a-a5f1-02608c9eebac',38664,10,NULL,NULL,NULL),(979,0,1,'49691c90-7e17-101a-a91c-08002b2ecda9',38665,2,NULL,NULL,NULL),(980,0,1,'49691c90-7e17-101a-a91c-08002b2ecda9',38666,4,NULL,NULL,NULL),(981,0,1,'49691c90-7e17-101a-a91c-08002b2ecda9',38667,5,NULL,NULL,NULL),(982,0,1,'49691c90-7e17-101a-a91c-08002b2ecda9',38668,6,NULL,NULL,NULL),(983,0,1,'49691c90-7e17-101a-a91c-08002b2ecda9',38669,7,NULL,NULL,NULL),(984,0,1,'49691c90-7e17-101a-a91c-08002b2ecda9',38670,9,NULL,NULL,NULL),(985,0,1,'49691c90-7e17-101a-a91c-08002b2ecda9',38671,10,NULL,NULL,NULL),(986,0,1,'49691c90-7e17-101a-a91c-08002b2ecda9',38672,11,NULL,NULL,NULL),(987,0,1,'560c36c0-503a-11cf-baa1-00004c752a9a',38673,2,NULL,NULL,NULL),(988,0,1,'c82bf596-b831-11d0-b733-00aa00a1ebd2',38674,3,NULL,NULL,NULL),(989,0,1,'0b63e350-9ccc-11d0-bcdb-00805fccce04',38675,4,NULL,NULL,NULL),(990,0,1,'0b63e350-9ccc-11d0-bcdb-00805fccce04',38676,5,NULL,NULL,NULL),(991,0,1,'0b63e350-9ccc-11d0-bcdb-00805fccce04',38677,6,NULL,NULL,NULL),(992,0,1,'0b63e350-9ccc-11d0-bcdb-00805fccce04',38678,7,NULL,NULL,NULL),(993,0,1,'0b63e350-9ccc-11d0-bcdb-00805fccce04',38679,10,NULL,NULL,NULL),(994,0,1,'0b63e350-9ccc-11d0-bcdb-00805fccce04',38680,11,NULL,NULL,NULL),(995,0,1,'0b63e350-9ccc-11d0-bcdb-00805fccce04',38681,20,NULL,NULL,NULL),(996,0,1,'0b63e343-9ccc-11d0-bcdb-00805fccce04',38682,4,NULL,NULL,NULL),(997,1,1,'d1b5d3f0-c0b3-11cf-9a92-00a0c908dbf1',38683,NULL,'Product',NULL,NULL),(998,1,1,'d1b5d3f0-c0b3-11cf-9a92-00a0c908dbf1',38684,NULL,'Topic',NULL,NULL),(999,0,1,'70eb7a10-55d9-11cf-b75b-00aa0051fe20',38685,3,NULL,NULL,NULL),(1000,0,1,'70eb7a10-55d9-11cf-b75b-00aa0051fe20',38686,4,NULL,NULL,NULL),(1001,0,1,'70eb7a10-55d9-11cf-b75b-00aa0051fe20',38687,5,NULL,NULL,NULL),(1002,0,1,'70eb7a10-55d9-11cf-b75b-00aa0051fe20',38688,6,NULL,NULL,NULL),(1003,0,1,'70eb7a10-55d9-11cf-b75b-00aa0051fe20',38689,7,NULL,NULL,NULL),(1004,0,1,'70eb7a10-55d9-11cf-b75b-00aa0051fe20',38690,8,NULL,NULL,NULL),(1005,1,1,'70eb7a10-55d9-11cf-b75b-00aa0051fe20',38691,NULL,'IMG.ALT',NULL,NULL),(1006,1,1,'70eb7a10-55d9-11cf-b75b-00aa0051fe20',38692,NULL,'A.HREF',NULL,NULL),(1007,1,1,'70eb7a10-55d9-11cf-b75b-00aa0051fe20',38693,NULL,'BASE.HREF',NULL,NULL),(1008,1,1,'70eb7a10-55d9-11cf-b75b-00aa0051fe20',38694,NULL,'LINK.HREF',NULL,NULL),(1009,1,1,'70eb7a10-55d9-11cf-b75b-00aa0051fe20',38695,NULL,'META.URL',NULL,NULL),(1010,1,1,'70eb7a10-55d9-11cf-b75b-00aa0051fe20',38696,NULL,'FRAME.SRC',NULL,NULL),(1011,1,1,'70eb7a10-55d9-11cf-b75b-00aa0051fe20',38697,NULL,'IFRAME.SRC',NULL,NULL),(1012,1,1,'70eb7a10-55d9-11cf-b75b-00aa0051fe20',38698,NULL,'AREA.HREF',NULL,NULL),(1013,1,1,'70eb7a10-55d9-11cf-b75b-00aa0051fe20',38699,NULL,'IMG.SRC',NULL,NULL),(1014,1,1,'70eb7a10-55d9-11cf-b75b-00aa0051fe20',38700,NULL,'IMG.DYNSRC',NULL,NULL),(1015,1,1,'70eb7a10-55d9-11cf-b75b-00aa0051fe20',38701,NULL,'IMG.USEMAP',NULL,NULL),(1016,1,1,'70eb7a10-55d9-11cf-b75b-00aa0051fe20',38702,NULL,'BODY.BACKGROUND',NULL,NULL),(1017,1,1,'70eb7a10-55d9-11cf-b75b-00aa0051fe20',38703,NULL,'BGSOUND.SRC',NULL,NULL),(1018,1,1,'70eb7a10-55d9-11cf-b75b-00aa0051fe20',38704,NULL,'APPLET.CODEBASE',NULL,NULL),(1019,1,1,'70eb7a10-55d9-11cf-b75b-00aa0051fe20',38705,NULL,'APPLET.CODE',NULL,NULL),(1020,1,1,'70eb7a10-55d9-11cf-b75b-00aa0051fe20',38706,NULL,'OBJECT.CODEBASE',NULL,NULL),(1021,1,1,'70eb7a10-55d9-11cf-b75b-00aa0051fe20',38707,NULL,'OBJECT.NAME',NULL,NULL),(1022,1,1,'70eb7a10-55d9-11cf-b75b-00aa0051fe20',38708,NULL,'OBJECT.USEMAP',NULL,NULL),(1023,1,1,'70eb7a10-55d9-11cf-b75b-00aa0051fe20',38709,NULL,'EMBED.SRC',NULL,NULL),(1024,1,1,'31f400a0-fd07-11cf-b9bd-00aa003db18e',38710,NULL,'VBScript',NULL,NULL),(1025,1,1,'31f400a0-fd07-11cf-b9bd-00aa003db18e',38711,NULL,'JavaScript',NULL,NULL),(1026,0,1,'b725f130-47ef-101a-a5f1-02608c9eebac',38712,9,NULL,NULL,NULL),(1027,0,1,'f29f85e0-4ff9-1068-ab91-08002b27b3d9',38713,2,NULL,NULL,NULL),(1028,0,1,'f29f85e0-4ff9-1068-ab91-08002b27b3d9',38714,3,NULL,NULL,NULL),(1029,0,1,'f29f85e0-4ff9-1068-ab91-08002b27b3d9',38715,4,NULL,NULL,NULL),(1030,0,1,'f29f85e0-4ff9-1068-ab91-08002b27b3d9',38716,5,NULL,NULL,NULL),(1031,0,1,'f29f85e0-4ff9-1068-ab91-08002b27b3d9',38717,6,NULL,NULL,NULL),(1032,0,1,'f29f85e0-4ff9-1068-ab91-08002b27b3d9',38718,7,NULL,NULL,NULL),(1033,0,1,'f29f85e0-4ff9-1068-ab91-08002b27b3d9',38719,8,NULL,NULL,NULL),(1034,0,1,'f29f85e0-4ff9-1068-ab91-08002b27b3d9',38720,9,NULL,NULL,NULL),(1035,0,1,'f29f85e0-4ff9-1068-ab91-08002b27b3d9',38721,10,NULL,NULL,NULL),(1036,0,1,'f29f85e0-4ff9-1068-ab91-08002b27b3d9',38722,11,NULL,NULL,NULL),(1037,0,1,'f29f85e0-4ff9-1068-ab91-08002b27b3d9',38723,12,NULL,NULL,NULL),(1038,0,1,'f29f85e0-4ff9-1068-ab91-08002b27b3d9',38724,13,NULL,NULL,NULL),(1039,0,1,'f29f85e0-4ff9-1068-ab91-08002b27b3d9',38725,14,NULL,NULL,NULL),(1040,0,1,'f29f85e0-4ff9-1068-ab91-08002b27b3d9',38726,15,NULL,NULL,NULL),(1041,0,1,'f29f85e0-4ff9-1068-ab91-08002b27b3d9',38727,16,NULL,NULL,NULL),(1042,0,1,'f29f85e0-4ff9-1068-ab91-08002b27b3d9',38728,17,NULL,NULL,NULL),(1043,0,1,'f29f85e0-4ff9-1068-ab91-08002b27b3d9',38729,18,NULL,NULL,NULL),(1044,0,1,'f29f85e0-4ff9-1068-ab91-08002b27b3d9',38730,19,NULL,NULL,NULL),(1045,0,1,'d5cdd502-2e9c-101b-9397-08002b2cf9ae',38731,2,NULL,NULL,NULL),(1046,0,1,'d5cdd502-2e9c-101b-9397-08002b2cf9ae',38732,3,NULL,NULL,NULL),(1047,0,1,'d5cdd502-2e9c-101b-9397-08002b2cf9ae',38733,4,NULL,NULL,NULL),(1048,0,1,'d5cdd502-2e9c-101b-9397-08002b2cf9ae',38734,5,NULL,NULL,NULL),(1049,0,1,'d5cdd502-2e9c-101b-9397-08002b2cf9ae',38735,6,NULL,NULL,NULL),(1050,0,1,'d5cdd502-2e9c-101b-9397-08002b2cf9ae',38736,7,NULL,NULL,NULL),(1051,0,1,'d5cdd502-2e9c-101b-9397-08002b2cf9ae',38737,8,NULL,NULL,NULL),(1052,0,1,'d5cdd502-2e9c-101b-9397-08002b2cf9ae',38738,9,NULL,NULL,NULL),(1053,0,1,'d5cdd502-2e9c-101b-9397-08002b2cf9ae',38739,10,NULL,NULL,NULL),(1054,0,1,'d5cdd502-2e9c-101b-9397-08002b2cf9ae',38740,11,NULL,NULL,NULL),(1055,0,1,'d5cdd502-2e9c-101b-9397-08002b2cf9ae',38741,12,NULL,NULL,NULL),(1056,0,1,'d5cdd502-2e9c-101b-9397-08002b2cf9ae',38742,13,NULL,NULL,NULL),(1057,0,1,'d5cdd502-2e9c-101b-9397-08002b2cf9ae',38743,14,NULL,NULL,NULL),(1058,0,1,'d5cdd502-2e9c-101b-9397-08002b2cf9ae',38744,15,NULL,NULL,NULL),(1059,0,1,'d5cdd502-2e9c-101b-9397-08002b2cf9ae',38745,16,NULL,NULL,NULL),(1060,0,1,'d5cdd502-2e9c-101b-9397-08002b2cf9ae',38746,17,NULL,NULL,NULL),(1061,1,1,'41f28f13-83f4-4114-a584-eedb5a6b0bff',38747,NULL,'ApprovalDecisionMaker',NULL,NULL),(1062,1,1,'41f28f13-83f4-4114-a584-eedb5a6b0bff',38748,NULL,'ApprovalDecision',NULL,NULL),(1063,1,1,'41f28f13-83f4-4114-a584-eedb5a6b0bff',38749,NULL,'ApprovalDecisionTime',NULL,NULL);
/*!40000 ALTER TABLE `named_properties` ENABLE KEYS */;
UNLOCK TABLES;

--
-- Table structure for table `organizational_units`
--

DROP TABLE IF EXISTS `organizational_units`;
/*!40101 SET @saved_cs_client     = @@character_set_client */;
/*!40101 SET character_set_client = utf8 */;
CREATE TABLE `organizational_units` (
  `id` int(11) NOT NULL AUTO_INCREMENT,
  `organization` varchar(165) DEFAULT NULL,
  `administrative_group` varchar(165) DEFAULT NULL,
  PRIMARY KEY (`id`),
  UNIQUE KEY `ou_unique` (`organization`,`administrative_group`)
) ENGINE=InnoDB AUTO_INCREMENT=2 DEFAULT CHARSET=latin1;
/*!40101 SET character_set_client = @saved_cs_client */;

--
-- Dumping data for table `organizational_units`
--

LOCK TABLES `organizational_units` WRITE;
/*!40000 ALTER TABLE `organizational_units` DISABLE KEYS */;
INSERT INTO `organizational_units` VALUES (1,'First Organization','First Administrative Group');
/*!40000 ALTER TABLE `organizational_units` ENABLE KEYS */;
UNLOCK TABLES;

--
-- Table structure for table `provisioning_folders`
--

DROP TABLE IF EXISTS `provisioning_folders`;
/*!40101 SET @saved_cs_client     = @@character_set_client */;
/*!40101 SET character_set_client = utf8 */;
CREATE TABLE `provisioning_folders` (
  `locale` varchar(15) NOT NULL,
  `mailbox` varchar(128) NOT NULL DEFAULT 'OpenChange Mailbox: %s',
  `deferred_action` varchar(128) NOT NULL DEFAULT 'Deferred Action',
  `spooler_queue` varchar(128) NOT NULL DEFAULT 'Spooler Queue',
  `common_views` varchar(128) NOT NULL DEFAULT 'Common Views',
  `schedule` varchar(128) NOT NULL DEFAULT 'Schedule',
  `finder` varchar(128) NOT NULL DEFAULT 'Finder',
  `views` varchar(128) NOT NULL DEFAULT 'Views',
  `shortcuts` varchar(128) NOT NULL DEFAULT 'Shortcuts',
  `reminders` varchar(128) NOT NULL DEFAULT 'Reminders',
  `todo` varchar(128) NOT NULL DEFAULT 'To-Do',
  `tracked_mail_processing` varchar(128) NOT NULL DEFAULT 'Tracked Mail Processing',
  `top_info_store` varchar(128) NOT NULL DEFAULT 'Top of Information Store',
  `inbox` varchar(128) NOT NULL DEFAULT 'Inbox',
  `outbox` varchar(128) NOT NULL DEFAULT 'Outbox',
  `sent_items` varchar(128) NOT NULL DEFAULT 'Sent Items',
  `deleted_items` varchar(128) NOT NULL DEFAULT 'Deleted Items',
  PRIMARY KEY (`locale`)
) ENGINE=InnoDB DEFAULT CHARSET=latin1;
/*!40101 SET character_set_client = @saved_cs_client */;

--
-- Dumping data for table `provisioning_folders`
--

LOCK TABLES `provisioning_folders` WRITE;
/*!40000 ALTER TABLE `provisioning_folders` DISABLE KEYS */;
INSERT INTO `provisioning_folders` VALUES ('en','OpenChange Mailbox: %s','Deferred Action','Spooler Queue','Common Views','Schedule','Finder','Views','Shortcuts','Reminders','To-Do','Tracked Mail Processing','Top of Information Store','Inbox','Outbox','Sent Items','Deleted Items');
/*!40000 ALTER TABLE `provisioning_folders` ENABLE KEYS */;
UNLOCK TABLES;

--
-- Table structure for table `provisioning_special_folders`
--

DROP TABLE IF EXISTS `provisioning_special_folders`;
/*!40101 SET @saved_cs_client     = @@character_set_client */;
/*!40101 SET character_set_client = utf8 */;
CREATE TABLE `provisioning_special_folders` (
  `locale` varchar(15) NOT NULL,
  `drafts` varchar(128) NOT NULL DEFAULT 'Drafts',
  `calendar` varchar(128) NOT NULL DEFAULT 'Calendar',
  `contacts` varchar(128) NOT NULL DEFAULT 'Contacts',
  `tasks` varchar(128) NOT NULL DEFAULT 'Tasks',
  `notes` varchar(128) NOT NULL DEFAULT 'Notes',
  `journal` varchar(128) NOT NULL DEFAULT 'Journal',
  PRIMARY KEY (`locale`)
) ENGINE=InnoDB DEFAULT CHARSET=latin1;
/*!40101 SET character_set_client = @saved_cs_client */;

--
-- Dumping data for table `provisioning_special_folders`
--

LOCK TABLES `provisioning_special_folders` WRITE;
/*!40000 ALTER TABLE `provisioning_special_folders` DISABLE KEYS */;
INSERT INTO `provisioning_special_folders` VALUES ('en','Drafts','Calendar','Contacts','Tasks','Notes','Journal');
/*!40000 ALTER TABLE `provisioning_special_folders` ENABLE KEYS */;
UNLOCK TABLES;

--
-- Table structure for table `public_folders`
--

DROP TABLE IF EXISTS `public_folders`;
/*!40101 SET @saved_cs_client     = @@character_set_client */;
/*!40101 SET character_set_client = utf8 */;
CREATE TABLE `public_folders` (
  `ou_id` int(11) NOT NULL,
  `ReplicaID` int(11) DEFAULT NULL,
  `StoreGUID` varchar(36) DEFAULT NULL,
  PRIMARY KEY (`ou_id`),
  CONSTRAINT `fk_public_folders_ou_id` FOREIGN KEY (`ou_id`) REFERENCES `organizational_units` (`id`) ON DELETE CASCADE ON UPDATE CASCADE
) ENGINE=InnoDB DEFAULT CHARSET=latin1;
/*!40101 SET character_set_client = @saved_cs_client */;

--
-- Dumping data for table `public_folders`
--

LOCK TABLES `public_folders` WRITE;
/*!40000 ALTER TABLE `public_folders` DISABLE KEYS */;
INSERT INTO `public_folders` VALUES (1,1,'4df4633e-5cfa-4039-9c3e-f3cde172f965');
/*!40000 ALTER TABLE `public_folders` ENABLE KEYS */;
UNLOCK TABLES;

--
-- Table structure for table `servers`
--

DROP TABLE IF EXISTS `servers`;
/*!40101 SET @saved_cs_client     = @@character_set_client */;
/*!40101 SET character_set_client = utf8 */;
CREATE TABLE `servers` (
  `id` int(10) unsigned NOT NULL AUTO_INCREMENT,
  `ou_id` int(11) NOT NULL,
  `replica_id` int(11) NOT NULL DEFAULT '1',
  `change_number` int(11) NOT NULL DEFAULT '1',
  PRIMARY KEY (`id`),
  KEY `fk_servers_1_idx` (`ou_id`),
  CONSTRAINT `fk_servers_ou_id` FOREIGN KEY (`ou_id`) REFERENCES `organizational_units` (`id`) ON DELETE NO ACTION ON UPDATE NO ACTION
) ENGINE=InnoDB AUTO_INCREMENT=2 DEFAULT CHARSET=latin1;
/*!40101 SET character_set_client = @saved_cs_client */;

--
-- Dumping data for table `servers`
--

LOCK TABLES `servers` WRITE;
/*!40000 ALTER TABLE `servers` DISABLE KEYS */;
INSERT INTO `servers` VALUES (1,1,1,164);
/*!40000 ALTER TABLE `servers` ENABLE KEYS */;
UNLOCK TABLES;

UNLOCK TABLES;
/*!40103 SET TIME_ZONE=@OLD_TIME_ZONE */;

/*!40101 SET SQL_MODE=@OLD_SQL_MODE */;
/*!40014 SET FOREIGN_KEY_CHECKS=@OLD_FOREIGN_KEY_CHECKS */;
/*!40014 SET UNIQUE_CHECKS=@OLD_UNIQUE_CHECKS */;
/*!40101 SET CHARACTER_SET_CLIENT=@OLD_CHARACTER_SET_CLIENT */;
/*!40101 SET CHARACTER_SET_RESULTS=@OLD_CHARACTER_SET_RESULTS */;
/*!40101 SET COLLATION_CONNECTION=@OLD_COLLATION_CONNECTION */;
/*!40111 SET SQL_NOTES=@OLD_SQL_NOTES */;

-- Dump completed on 2014-11-20 17:18:14
